AP/AP1099.DBL,APT4F.FD
AP/AP1099.DBL,DFDATA.FD
AP/AP1099.DBL,SYSTEM.FD
AP/AP1099.DBL,VENMS.FD
AP/APADJ.DBL,APADJ.FDC
AP/APADJ.DBL,APOPN.FDC
AP/APADJ.DBL,DFDATA.FD
AP/APADJ.DBL,GLAIX.FDC
AP/APADJ.DBL,GLAMS.FDC
AP/APADJ.DBL,MSVND.FDC
AP/APADJ.DBL,SYSTEM.FD
AP/APADJ.DBL,VENIX.FDC
AP/APADJ.DBL,VENMS.FDC
AP/APAJ1.DBL,APADJ.FDC
AP/APAJ1.DBL,APOPN.FDC
AP/APAJ1.DBL,DFDATA.FD
AP/APAJ1.DBL,GLAIX.FDC
AP/APAJ1.DBL,GLAMS.FDC
AP/APAJ1.DBL,MSVND.FDC
AP/APAJ1.DBL,SYSTEM.FD
AP/APAJ1.DBL,VENMS.FDC
AP/APAJ2.DBL,DFDATA.FD
AP/APAJ2.DBL,SYSTEM.FD
AP/APAJ3.DBL,APADJ.FDC
AP/APAJ3.DBL,SYSTEM.FD
AP/APAJ4.DBL,APADJ.FDC
AP/APAJ4.DBL,MSVND.FDC
AP/APAJ4.DBL,SYSTEM.FD
AP/APAJ4.DBL,VENIX.FDC
AP/APAJ4.DBL,VENMS.FDC
AP/APAJ5.DBL,APADJ.FDC
AP/APAJ5.DBL,APOPN.FDC
AP/APAJ5.DBL,GLAIX.FDC
AP/APAJ5.DBL,GLAMS.FDC
AP/APAJ5.DBL,MSVND.FDC
AP/APAJ5.DBL,SYSTEM.FD
AP/APAJ5.DBL,VENIX.FDC
AP/APAJ5.DBL,VENMS.FDC
AP/APAJAP.DBL,APADJ.FD
AP/APAJAP.DBL,APOPN.FD
AP/APAJAP.DBL,DFDATA.FD
AP/APAJAP.DBL,SYSTEM.FD
AP/APAJCL.DBL,APADJ.FD
AP/APAJCL.DBL,DFDATA.FD
AP/APAJCL.DBL,SYSTEM.FD
AP/APAJDS.DBL,APADJ.FD
AP/APAJDS.DBL,DFDATA.FD
AP/APAJDS.DBL,MSVND.FD
AP/APAJDS.DBL,SYSTEM.FD
AP/APAJDS.DBL,VENIX.FD
AP/APAJDS.DBL,VENMS.FD
AP/APAJED.DBL,APADJ.FD
AP/APAJED.DBL,DFDATA.FD
AP/APAJED.DBL,MSVND.FD
AP/APAJED.DBL,SYSTEM.FD
AP/APAJED.DBL,VENIX.FD
AP/APAJED.DBL,VENMS.FD
AP/APAJNG.DBL,APADJ.FD
AP/APAJNG.DBL,DFDATA.FD
AP/APAJNG.DBL,NEWGL.FD
AP/APAJNG.DBL,SYSTEM.FD
AP/APAJRG.DBL,APADJ.FD
AP/APAJRG.DBL,DFDATA.FD
AP/APAJRG.DBL,GLDIS.FD
AP/APAJRG.DBL,GLINT.FD
AP/APAJRG.DBL,MSVND.FD
AP/APAJRG.DBL,SYSTEM.FD
AP/APAJRG.DBL,VENIX.FD
AP/APAJRG.DBL,VENMS.FD
AP/APAJVM.DBL,APADJ.FD
AP/APAJVM.DBL,DFDATA.FD
AP/APAJVM.DBL,SYSTEM.FD
AP/APAJVM.DBL,VENIX.FD
AP/APAJVM.DBL,VENMS.FD
AP/APCHEK.DBL,APOPN.FD
AP/APCHEK.DBL,COFILE.FD
AP/APCHEK.DBL,DFDATA.FD
AP/APCHEK.DBL,MSVND.FD
AP/APCHEK.DBL,SYSTEM.FD
AP/APCHEK.DBL,VENIX.FD
AP/APCHEK.DBL,VENMS.FD
AP/APCKRG.DBL,APOPN.FD
AP/APCKRG.DBL,APT2F.FD
AP/APCKRG.DBL,COFILE.FD
AP/APCKRG.DBL,DFDATA.FD
AP/APCKRG.DBL,GLDIS.FD
AP/APCKRG.DBL,GLINT.FD
AP/APCKRG.DBL,MSVND.FD
AP/APCKRG.DBL,PE35.FD
AP/APCKRG.DBL,SYSTEM.FD
AP/APCKRG.DBL,VENIX.FD
AP/APCKRG.DBL,VENMS.FD
AP/APGLCR.DBL,DFDATA.FD
AP/APGLCR.DBL,GLAIX.FD
AP/APGLCR.DBL,GLAMS.FD
AP/APGLCR.DBL,GLDIS.FD
AP/APGLCR.DBL,GLWRK.FD
AP/APGLCR.DBL,MSVND.FD
AP/APGLCR.DBL,SYSTEM.FD
AP/APGLCR.DBL,VENIX.FD
AP/APGLCR.DBL,VENMS.FD
AP/APJOB.DBL,APOPN.FD
AP/APJOB.DBL,APT3F.FD
AP/APJOB.DBL,COFILE.FD
AP/APJOB.DBL,DFDATA.FD
AP/APJOB.DBL,JOBDF.FD
AP/APJOB.DBL,MSVND.FD
AP/APJOB.DBL,SYSTEM.FD
AP/APJOB.DBL,VENIX.FD
AP/APJOB.DBL,VENMS.FD
AP/APLAB.DBL,DFDATA.FD
AP/APLAB.DBL,SYSTEM.FD
AP/APLAB.DBL,VENIX.FDC
AP/APLAB.DBL,VENMS.FDC
AP/APMEN2.DBL,COFILE.FD
AP/APMEN2.DBL,DFDATA.FD
AP/APMEN2.DBL,SYSTEM.FD
AP/APMENU.DBL,COFILE.FD
AP/APMENU.DBL,DFDATA.FD
AP/APMENU.DBL,SYSTEM.FD
AP/APOCTL.DBL,APOPN.FD
AP/APOCTL.DBL,DFDATA.FD
AP/APOCTL.DBL,SYSTEM.FD
AP/APOCVT.DBL,DFDATA.FD
AP/APOCVT.DBL,SYSTEM.FD
AP/APOISM.DBL,DFDATA.FD
AP/APOISM.DBL,SYSTEM.FD
AP/APOSRT.DBL,APOPN.FD
AP/APOSRT.DBL,DFDATA.FD
AP/APOSRT.DBL,SYSTEM.FD
AP/APTBAL.DBL,APOPN.FD
AP/APTBAL.DBL,DFDATA.FD
AP/APTBAL.DBL,MSVND.FD
AP/APTBAL.DBL,SYSTEM.FD
AP/APTBAL.DBL,VENIX.FD
AP/APTBAL.DBL,VENMS.FD
AP/APTINQ.DBL,APOPN.FD
AP/APTINQ.DBL,DFDATA.FD
AP/APTINQ.DBL,MSVND.FD
AP/APTINQ.DBL,SYSTEM.FD
AP/APTINQ.DBL,VENIX.FD
AP/APTINQ.DBL,VENMS.FD
AP/APYREN.DBL,DFDATA.FD
AP/APYREN.DBL,SYSTEM.FD
AP/APYREN.DBL,VENMS.FD
AP/BI1099.DBL,APT4F.FD
AP/BI1099.DBL,DFDATA.FD
AP/BI1099.DBL,SYSTEM.FD
AP/BI1099.DBL,VENMS.FD
AP/BLDIDX.DBL,DFDATA.FD
AP/BLDIDX.DBL,SYSTEM.FD
AP/BLDIDX.DBL,VENIX.FD
AP/BLDIDX.DBL,VENMS.FD
AP/BLDJIX.DBL,APOPN.FD
AP/BLDJIX.DBL,APT3F.FD
AP/BLDJIX.DBL,DFDATA.FD
AP/BLDJIX.DBL,SYSTEM.FD
AP/BLDVNX.DBL,DFDATA.FD
AP/BLDVNX.DBL,SYSTEM.FD
AP/BLDVNX.DBL,VENMS.FD
AP/BLDVNX.DBL,VENNX.FD
AP/CHKCLR.DBL,CHEKS.FD
AP/CHKCLR.DBL,DFDATA.FD
AP/CHKCLR.DBL,SYSTEM.FD
AP/CHKCTL.DBL,CHEKS.FD
AP/CHKCTL.DBL,DFDATA.FD
AP/CHKCTL.DBL,SYSTEM.FD
AP/CHKCVT.DBL,DFDATA.FD
AP/CHKCVT.DBL,SYSTEM.FD
AP/CHKINQ.DBL,CHEKS.FD
AP/CHKINQ.DBL,DFDATA.FD
AP/CHKINQ.DBL,SYSTEM.FD
AP/CHKSRT.DBL,CHEKS.FD
AP/CHKSRT.DBL,DFDATA.FD
AP/CHKSRT.DBL,SYSTEM.FD
AP/CKMBLD.DBL,CHEKS.FD
AP/CKMBLD.DBL,CHKMS.FD
AP/CKMBLD.DBL,DFDATA.FD
AP/CKMBLD.DBL,SYSTEM.FD
AP/CKMENU.DBL,CHEKS.FD
AP/CKMENU.DBL,CHKIX.FD
AP/CKMENU.DBL,DFDATA.FD
AP/CKMENU.DBL,SYSTEM.FD
AP/CKRPT1.DBL,CHEKS.FD
AP/CKRPT1.DBL,DFDATA.FD
AP/CKRPT1.DBL,SYSTEM.FD
AP/CKRPT2.DBL,CHEKS.FD
AP/CKRPT2.DBL,CHKIX.FD
AP/CKRPT2.DBL,DFDATA.FD
AP/CKRPT2.DBL,SYSTEM.FD
AP/CKRPT3.DBL,CHEKS.FD
AP/CKRPT3.DBL,DFDATA.FD
AP/CKRPT3.DBL,SYSTEM.FD
AP/CKRPT4.DBL,CHEKS.FD
AP/CKRPT4.DBL,DFDATA.FD
AP/CKRPT4.DBL,SYSTEM.FD
AP/CKRPT5.DBL,CHEKS.FD
AP/CKRPT5.DBL,DFDATA.FD
AP/CKRPT5.DBL,SYSTEM.FD
AP/CKRPT6.DBL,CHKMS.FD
AP/CKRPT6.DBL,DFDATA.FD
AP/CKRPT6.DBL,SYSTEM.FD
AP/CKRPTD.DBL,CHEKS.FD
AP/CKRPTD.DBL,CHKIX.FD
AP/CKRPTD.DBL,DFDATA.FD
AP/CKRPTD.DBL,SYSTEM.FD
AP/CLRNAP.DBL,DFDATA.FD
AP/CLRNAP.DBL,NEWAP.FD
AP/CLRNAP.DBL,SYSTEM.FD
AP/CLRNGL.DBL,DFDATA.FD
AP/CLRNGL.DBL,NEWGL.FD
AP/CLRNGL.DBL,SYSTEM.FD
AP/CLRPDS.DBL,APOPN.FD
AP/CLRPDS.DBL,DFDATA.FD
AP/CLRPDS.DBL,MSVND.FD
AP/CLRPDS.DBL,SYSTEM.FD
AP/CLRPRT.DBL,DFDATA.FD
AP/CLRPRT.DBL,PRTIF.FD
AP/CLRPRT.DBL,SYSTEM.FD
AP/CSHREQ.DBL,APOPN.FD
AP/CSHREQ.DBL,DFDATA.FD
AP/CSHREQ.DBL,MSVND.FD
AP/CSHREQ.DBL,SYSTEM.FD
AP/CSHREQ.DBL,VENIX.FD
AP/CSHREQ.DBL,VENMS.FD
AP/CVTAPA.DBL,DFDATA.FD
AP/CVTAPA.DBL,SYSTEM.FD
AP/CVTAPO.DBL,DFDATA.FD
AP/CVTAPO.DBL,SYSTEM.FD
AP/CVTCHE.DBL,DFDATA.FD
AP/CVTCHE.DBL,SYSTEM.FD
AP/CVTGLD.DBL,DFDATA.FD
AP/CVTGLD.DBL,SYSTEM.FD
AP/CVTNEW.DBL,DFDATA.FD
AP/CVTNEW.DBL,SYSTEM.FD
AP/CVTNWG.DBL,DFDATA.FD
AP/CVTNWG.DBL,SYSTEM.FD
AP/CVTPRT.DBL,DFDATA.FD
AP/CVTPRT.DBL,SYSTEM.FD
AP/CVTZIP.DBL,DFDATA.FD
AP/CVTZIP.DBL,MSVND.FD
AP/CVTZIP.DBL,SYSTEM.FD
AP/CVTZIP.DBL,VENMS.FD
AP/DEFER.DBL,APOPN.FD
AP/DEFER.DBL,DFDATA.FD
AP/DEFER.DBL,SYSTEM.FD
AP/DELPRT.DBL,APOPN.FD
AP/DELPRT.DBL,DFDATA.FD
AP/DELPRT.DBL,SYSTEM.FD
AP/DIVNAP.DBL,DFDATA.FD
AP/DIVNAP.DBL,NEWAP.FD
AP/DIVNAP.DBL,NEWGL.FD
AP/DIVNAP.DBL,SYSTEM.FD
AP/DIVNAP.DBL,TMPGL.FD
AP/DUEDTE.DBL,APOPN.FD
AP/DUEDTE.DBL,DFDATA.FD
AP/DUEDTE.DBL,JOBDF.FD
AP/DUEDTE.DBL,SYSTEM.FD
AP/EXTAPE.DBL,COFILE.FD
AP/EXTAPE.DBL,DFDATA.FD
AP/EXTAPE.DBL,EQPTF.FD
AP/EXTAPE.DBL,NEWAP.FD
AP/EXTAPE.DBL,SYSTEM.FD
AP/EXTAPE.DBL,UNTTF.FD
AP/EXTAPJ.DBL,DFDATA.FD
AP/EXTAPJ.DBL,JOBTF.FD
AP/EXTAPJ.DBL,NEWAP.FD
AP/EXTAPJ.DBL,SYSTEM.FD
AP/EXTAPO.DBL,APOPN.FD
AP/EXTAPO.DBL,COFILE.FD
AP/EXTAPO.DBL,DFDATA.FD
AP/EXTAPO.DBL,SYSTEM.FD
AP/EXTAPO.DBL,TMPAP.FD
AP/EXTAPU.DBL,DFDATA.FD
AP/EXTAPU.DBL,NEWAP.FD
AP/EXTAPU.DBL,SYSTEM.FD
AP/EXTAPU.DBL,UNTTF.FD
AP/EXTPPD.DBL,APOPN.FD
AP/EXTPPD.DBL,COFILE.FD
AP/EXTPPD.DBL,DFDATA.FD
AP/EXTPPD.DBL,PPDTM.FD
AP/EXTPPD.DBL,SYSTEM.FD
AP/FUTRPT.DBL,APOPN.FD
AP/FUTRPT.DBL,DFDATA.FD
AP/FUTRPT.DBL,MSVND.FD
AP/FUTRPT.DBL,SYSTEM.FD
AP/FUTRPT.DBL,VENIX.FD
AP/FUTRPT.DBL,VENMS.FD
AP/GLDSRT.DBL,DFDATA.FD
AP/GLDSRT.DBL,SYSTEM.FD
AP/GLIMAP.DBL,DFDATA.FD
AP/GLIMAP.DBL,GLAIX.FD
AP/GLIMAP.DBL,GLAMS.FD
AP/GLIMAP.DBL,GLINT.FD
AP/GLIMAP.DBL,SYSTEM.FD
AP/GLIPAP.DBL,DFDATA.FD
AP/GLIPAP.DBL,GLINT.FD
AP/GLIPAP.DBL,SYSTEM.FD
AP/INITAP.DBL,DFDATA.FD
AP/INITAP.DBL,SYSTEM.FD
AP/MSVCNT.DBL,DFDATA.FD
AP/MSVCNT.DBL,MSVND.FD
AP/MSVCNT.DBL,SYSTEM.FD
AP/MSVMNT.DBL,APOPN.FD
AP/MSVMNT.DBL,DFDATA.FD
AP/MSVMNT.DBL,MSVND.FD
AP/MSVMNT.DBL,SYSTEM.FD
AP/MSVPRG.DBL,DFDATA.FD
AP/MSVPRG.DBL,GLDIS.FD
AP/MSVPRG.DBL,MSVND.FD
AP/MSVPRG.DBL,SYSTEM.FD
AP/MSVPRT.DBL,DFDATA.FD
AP/MSVPRT.DBL,MSVND.FD
AP/MSVPRT.DBL,SYSTEM.FD
AP/MSVSRT.DBL,DFDATA.FD
AP/MSVSRT.DBL,SYSTEM.FD
AP/NAP1.DBL,DFDATA.FD
AP/NAP1.DBL,EQPMF.FD
AP/NAP1.DBL,GLAIX.FDC
AP/NAP1.DBL,GLAMS.FDC
AP/NAP1.DBL,JOBMF.FD
AP/NAP1.DBL,MSVND.FDC
AP/NAP1.DBL,NEWAP.FDC
AP/NAP1.DBL,SYSTEM.FD
AP/NAP1.DBL,UNTMF.FD
AP/NAP1.DBL,VENMS.FDC
AP/NAP2.DBL,DFDATA.FD
AP/NAP2.DBL,EQPTF.FD
AP/NAP2.DBL,JOBTF.FD
AP/NAP2.DBL,NEWAP.FDC
AP/NAP2.DBL,SYSTEM.FD
AP/NAP2.DBL,UNTTF.FD
AP/NAP3.DBL,NEWAP.FDC
AP/NAP3.DBL,SYSTEM.FD
AP/NAP4.DBL,MSVND.FDC
AP/NAP4.DBL,NEWAP.FDC
AP/NAP4.DBL,SYSTEM.FD
AP/NAP5.DBL,EQPMF.FD
AP/NAP5.DBL,EXPAC.FDC
AP/NAP5.DBL,GLAIX.FDC
AP/NAP5.DBL,GLAMS.FDC
AP/NAP5.DBL,JOBMF.FD
AP/NAP5.DBL,MSVND.FDC
AP/NAP5.DBL,NEWAP.FDC
AP/NAP5.DBL,SYSTEM.FD
AP/NAP5.DBL,UNTMF.FD
AP/NAP5.DBL,VENIX.FDC
AP/NAP5.DBL,VENMS.FDC
AP/NAP5.DBL,VENNX.FDC
AP/NAP6.DBL,SYSTEM.FD
AP/NAP7.DBL,MSVND.FDC
AP/NAP7.DBL,NEWAP.FDC
AP/NAP7.DBL,SYSTEM.FD
AP/NEWAP.DBL,DFDATA.FD
AP/NEWAP.DBL,EQPMF.FD
AP/NEWAP.DBL,EQPTF.FD
AP/NEWAP.DBL,GLAIX.FDC
AP/NEWAP.DBL,GLAMS.FDC
AP/NEWAP.DBL,JOBMF.FD
AP/NEWAP.DBL,JOBTF.FD
AP/NEWAP.DBL,MSVND.FDC
AP/NEWAP.DBL,NEWAP.FDC
AP/NEWAP.DBL,SYSTEM.FD
AP/NEWAP.DBL,UNTMF.FD
AP/NEWAP.DBL,UNTTF.FD
AP/NEWAP.DBL,VENIX.FDC
AP/NEWAP.DBL,VENMS.FDC
AP/NEWAP.DBL,VENNX.FDC
AP/ORGMSV.DBL,DFDATA.FD
AP/ORGMSV.DBL,MSVND.FD
AP/ORGMSV.DBL,SYSTEM.FD
AP/ORGVEN.DBL,DFDATA.FD
AP/ORGVEN.DBL,SYSTEM.FD
AP/ORGVEN.DBL,VENIX.FD
AP/ORGVEN.DBL,VENMS.FD
AP/ORGVEN.DBL,VENNX.FD
AP/PARTPY.DBL,APOPN.FD
AP/PARTPY.DBL,DFDATA.FD
AP/PARTPY.DBL,PRTIF.FD
AP/PARTPY.DBL,SYSTEM.FD
AP/PPCKRG.DBL,APT2F.FD
AP/PPCKRG.DBL,COFILE.FD
AP/PPCKRG.DBL,DFDATA.FD
AP/PPCKRG.DBL,GLDIS.FD
AP/PPCKRG.DBL,GLINT.FD
AP/PPCKRG.DBL,MSVND.FD
AP/PPCKRG.DBL,NEWAP.FD
AP/PPCKRG.DBL,PE35.FD
AP/PPCKRG.DBL,SYSTEM.FD
AP/PPCKRG.DBL,VENIX.FD
AP/PPCKRG.DBL,VENMS.FD
AP/PPDCLR.DBL,APOPN.FD
AP/PPDCLR.DBL,DFDATA.FD
AP/PPDCLR.DBL,MSVND.FD
AP/PPDCLR.DBL,SYSTEM.FD
AP/PPDDSP.DBL,APOPN.FD
AP/PPDDSP.DBL,COFILE.FD
AP/PPDDSP.DBL,DFDATA.FD
AP/PPDDSP.DBL,MSVND.FD
AP/PPDDSP.DBL,SYSTEM.FD
AP/PPDDSP.DBL,VENIX.FD
AP/PPDDSP.DBL,VENMS.FD
AP/PPDEDT.DBL,APOPN.FD
AP/PPDEDT.DBL,COFILE.FD
AP/PPDEDT.DBL,DFDATA.FD
AP/PPDEDT.DBL,MSVND.FD
AP/PPDEDT.DBL,SYSTEM.FD
AP/PPDEDT.DBL,VENIX.FD
AP/PPDEDT.DBL,VENMS.FD
AP/PPDMNT.DBL,APOPN.FD
AP/PPDMNT.DBL,DFDATA.FD
AP/PPDMNT.DBL,SYSTEM.FD
AP/PPDREG.DBL,APT2F.FD
AP/PPDREG.DBL,COFILE.FD
AP/PPDREG.DBL,DFDATA.FD
AP/PPDREG.DBL,GLDIS.FD
AP/PPDREG.DBL,GLINT.FD
AP/PPDREG.DBL,MSVND.FD
AP/PPDREG.DBL,PE35.FD
AP/PPDREG.DBL,PPDTM.FD
AP/PPDREG.DBL,SYSTEM.FD
AP/PPDREG.DBL,VENIX.FD
AP/PPDREG.DBL,VENMS.FD
AP/PRECHK.DBL,APOPN.FD
AP/PRECHK.DBL,DFDATA.FD
AP/PRECHK.DBL,SYSTEM.FD
AP/PREDSP.DBL,APOPN.FD
AP/PREDSP.DBL,DFDATA.FD
AP/PREDSP.DBL,SYSTEM.FD
AP/PRGPRT.DBL,APOPN.FD
AP/PRGPRT.DBL,DFDATA.FD
AP/PRGPRT.DBL,MSVND.FD
AP/PRGPRT.DBL,PURGE.FD
AP/PRGPRT.DBL,SYSTEM.FD
AP/PRGPRT.DBL,VENIX.FD
AP/PRGPRT.DBL,VENMS.FD
AP/PRSTUB.DBL,APOPN.FD
AP/PRSTUB.DBL,APT1F.FD
AP/PRSTUB.DBL,COFILE.FD
AP/PRSTUB.DBL,DFDATA.FD
AP/PRSTUB.DBL,MSVND.FD
AP/PRSTUB.DBL,SYSTEM.FD
AP/PRSTUB.DBL,VENIX.FD
AP/PRSTUB.DBL,VENMS.FD
AP/PRTCST.DBL,DFDATA.FD
AP/PRTCST.DBL,SYSTEM.FD
AP/PRTDSP.DBL,DFDATA.FD
AP/PRTDSP.DBL,MSVND.FD
AP/PRTDSP.DBL,PRTIF.FD
AP/PRTDSP.DBL,SYSTEM.FD
AP/PRTDSP.DBL,VENIX.FD
AP/PRTDSP.DBL,VENMS.FD
AP/PRTEDT.DBL,DFDATA.FD
AP/PRTEDT.DBL,MSVND.FD
AP/PRTEDT.DBL,PRTIF.FD
AP/PRTEDT.DBL,SYSTEM.FD
AP/PRTEDT.DBL,VENIX.FD
AP/PRTEDT.DBL,VENMS.FD
AP/PRTREG.DBL,DFDATA.FD
AP/PRTREG.DBL,MSVND.FD
AP/PRTREG.DBL,PRTIF.FD
AP/PRTREG.DBL,SYSTEM.FD
AP/PRTREG.DBL,VENIX.FD
AP/PRTREG.DBL,VENMS.FD
AP/PRTSM1.DBL,APOPN.FD
AP/PRTSM1.DBL,DFDATA.FD
AP/PRTSM1.DBL,MSVND.FD
AP/PRTSM1.DBL,SYSTEM.FD
AP/PRTSM1.DBL,VENIX.FD
AP/PRTSM1.DBL,VENMS.FD
AP/PRTSUM.DBL,APOPN.FD
AP/PRTSUM.DBL,DFDATA.FD
AP/PRTSUM.DBL,MSVND.FD
AP/PRTSUM.DBL,SYSTEM.FD
AP/PRTSUM.DBL,VENIX.FD
AP/PRTSUM.DBL,VENMS.FD
AP/PSTAPO.DBL,APOPN.FD
AP/PSTAPO.DBL,DFDATA.FD
AP/PSTAPO.DBL,NEWAP.FD
AP/PSTAPO.DBL,SYSTEM.FD
AP/PSTCHK.DBL,APT2F.FD
AP/PSTCHK.DBL,CHEKS.FD
AP/PSTCHK.DBL,DFDATA.FD
AP/PSTCHK.DBL,SYSTEM.FD
AP/PSTCHK.DBL,VENIX.FD
AP/PSTCHK.DBL,VENMS.FD
AP/PSTGLD.DBL,DFDATA.FD
AP/PSTGLD.DBL,GLDIS.FD
AP/PSTGLD.DBL,NEWGL.FD
AP/PSTGLD.DBL,SYSTEM.FD
AP/PSTJB2.DBL,APT2F.FD
AP/PSTJB2.DBL,DFDATA.FD
AP/PSTJB2.DBL,JOBDF.FD
AP/PSTJB2.DBL,SYSTEM.FD
AP/PSTPRT.DBL,APOPN.FD
AP/PSTPRT.DBL,DFDATA.FD
AP/PSTPRT.DBL,PRTIF.FD
AP/PSTPRT.DBL,SYSTEM.FD
AP/PURGAP.DBL,APOPN.FD
AP/PURGAP.DBL,DFDATA.FD
AP/PURGAP.DBL,MSVND.FD
AP/PURGAP.DBL,PURGE.FD
AP/PURGAP.DBL,SYSTEM.FD
AP/PURGAP.DBL,VENIX.FD
AP/PURGAP.DBL,VENMS.FD
AP/SCTREG.DBL,DFDATA.FD
AP/SCTREG.DBL,SYSTEM.FD
AP/SCTREG.DBL,TMPA2.FD
AP/SCTREG.DBL,TMPAP.FD
AP/SETDTL.DBL,DFDATA.FD
AP/SETDTL.DBL,GLDIS.FD
AP/SETDTL.DBL,SYSTEM.FD
AP/SETVCH.DBL,DFDATA.FD
AP/SETVCH.DBL,NEWAP.FD
AP/SETVCH.DBL,SYSTEM.FD
AP/SRTNAP.DBL,DFDATA.FD
AP/SRTNAP.DBL,SYSTEM.FD
AP/TEN99I.DBL,COFILE.FD
AP/TEN99I.DBL,DFDATA.FD
AP/TEN99I.DBL,SYSTEM.FD
AP/TEN99I.DBL,VENMS.FD
AP/TEN99M.DBL,COFILE.FD
AP/TEN99M.DBL,DFDATA.FD
AP/TEN99M.DBL,SYSTEM.FD
AP/TEN99M.DBL,VENMS.FD
AP/UPVMAS.DBL,DFDATA.FD
AP/UPVMAS.DBL,NEWAP.FD
AP/UPVMAS.DBL,SYSTEM.FD
AP/UPVMAS.DBL,VENIX.FD
AP/UPVMAS.DBL,VENMS.FD
AP/VCHDSP.DBL,DFDATA.FD
AP/VCHDSP.DBL,NEWAP.FD
AP/VCHDSP.DBL,SYSTEM.FD
AP/VCHEDT.DBL,DFDATA.FD
AP/VCHEDT.DBL,NEWAP.FD
AP/VCHEDT.DBL,SYSTEM.FD
AP/VCHGLD.DBL,DFDATA.FD
AP/VCHGLD.DBL,GLAIX.FD
AP/VCHGLD.DBL,GLAMS.FD
AP/VCHGLD.DBL,MSVND.FD
AP/VCHGLD.DBL,SYSTEM.FD
AP/VCHGLD.DBL,TMPGL.FD
AP/VCHGLD.DBL,VENIX.FD
AP/VCHGLD.DBL,VENMS.FD
AP/VCHREG.DBL,DFDATA.FD
AP/VCHREG.DBL,GLDIS.FD
AP/VCHREG.DBL,GLINT.FD
AP/VCHREG.DBL,MSVND.FD
AP/VCHREG.DBL,NEWAP.FD
AP/VCHREG.DBL,SYSTEM.FD
AP/VENANL.DBL,DFDATA.FD
AP/VENANL.DBL,SYSTEM.FD
AP/VENANL.DBL,VENIX.FD
AP/VENANL.DBL,VENMS.FD
AP/VENCNT.DBL,DFDATA.FD
AP/VENCNT.DBL,SYSTEM.FD
AP/VENCNT.DBL,VENMS.FD
AP/VENCVT.DBL,DFDATA.FD
AP/VENCVT.DBL,SYSTEM.FD
AP/VENLST.DBL,DFDATA.FD
AP/VENLST.DBL,SYSTEM.FD
AP/VENLST.DBL,TVNIX.FD
AP/VENLST.DBL,VENMS.FD
AP/VENMNT.DBL,APOPN.FD
AP/VENMNT.DBL,DFDATA.FD
AP/VENMNT.DBL,SYSTEM.FD
AP/VENMNT.DBL,VENIX.FDC
AP/VENMNT.DBL,VENMS.FDC
AP/VENMNT.DBL,VENNX.FDC
AP/VENNBR.DBL,DFDATA.FD
AP/VENNBR.DBL,SYSTEM.FD
AP/VENNBR.DBL,VENIX.FD
AP/VENNBR.DBL,VENMS.FD
AP/VENPRT.DBL,DFDATA.FD
AP/VENPRT.DBL,SYSTEM.FD
AP/VENPRT.DBL,VENIX.FD
AP/VENPRT.DBL,VENMS.FD
AP/VENREG.DBL,DFDATA.FD
AP/VENREG.DBL,NEWAP.FD
AP/VENREG.DBL,SYSTEM.FD
AP/VLIST.DBL,DFDATA.FD
AP/VLIST.DBL,SYSTEM.FD
AP/VLIST.DBL,TVNIX.FD
AP/VLIST.DBL,VENMS.FD
AP/VNDNUM.DBL,DFDATA.FD
AP/VNDNUM.DBL,SYSTEM.FD
AP/VNDNUM.DBL,VENIX.FD
AP/VNDNUM.DBL,VENMS.FD
AP/VNW1.DBL,VENMS.FDC
AP/VNW1.DBL,VENNX.FDC
AR/ACMSLS.DBL,CUSMS.FDC
AR/ACMSLS.DBL,DFDATA.FD
AR/ACMSLS.DBL,SALES.FD
AR/ACMSLS.DBL,SYSTEM.FD
AR/ACTINQ.DBL,AROP2.FD
AR/ACTINQ.DBL,AROPN.FD
AR/ACTINQ.DBL,CUSIX.FD
AR/ACTINQ.DBL,CUSMS.FDC
AR/ACTINQ.DBL,DFDATA.FD
AR/ACTINQ.DBL,SYSTEM.FD
AR/ACTPRT.DBL,AROP2.FD
AR/ACTPRT.DBL,AROPN.FD
AR/ACTPRT.DBL,CUSIX.FD
AR/ACTPRT.DBL,CUSMS.FDC
AR/ACTPRT.DBL,DFDATA.FD
AR/ACTPRT.DBL,SYSTEM.FD
AR/ADRCH1.DBL,ADRMS.FDC
AR/ADRCHG.DBL,ADRMS.FDC
AR/ADRCHG.DBL,DFDATA.FD
AR/ADRCHG.DBL,SYSTEM.FD
AR/ADRMNT.DBL,ADRMS.FDC
AR/ADRMNT.DBL,DFDATA.FD
AR/ADRMNT.DBL,SYSTEM.FD
AR/ADRMNU.DBL,SYSTEM.FD
AR/ADRPRT.DBL,ADRMS.FDC
AR/ADRPRT.DBL,DFDATA.FD
AR/ADRPRT.DBL,SYSTEM.FD
AR/ADRSC1.DBL,ADRMS.FDC
AR/AGBLIX.DBL,AROPN.FD
AR/AGBLIX.DBL,ASLIX.FD
AR/AGBLIX.DBL,DFDATA.FD
AR/AGBLIX.DBL,SYSTEM.FD
AR/AGCUIX.DBL,AROPN.FD
AR/AGCUIX.DBL,ASLIX.FD
AR/AGCUIX.DBL,DFDATA.FD
AR/AGCUIX.DBL,SYSTEM.FD
AR/APLYCR.DBL,AROPN.FD
AR/APLYCR.DBL,CUSMS.FDC
AR/APLYCR.DBL,DFDATA.FD
AR/APLYCR.DBL,SYSTEM.FD
AR/ARCONS.DBL,AROP2.FD
AR/ARCONS.DBL,AROPN.FD
AR/ARCONS.DBL,DFDATA.FD
AR/ARCONS.DBL,SYSTEM.FD
AR/ARDTCH.DBL,AROPN.FD
AR/ARDTCH.DBL,DFDATA.FD
AR/ARDTCH.DBL,SYSTEM.FD
AR/ARMENU.DBL,COFILE.FD
AR/ARMENU.DBL,DFDATA.FD
AR/ARMENU.DBL,SYSTEM.FD
AR/AROCNT.DBL,AROPN.FD
AR/AROCNT.DBL,DFDATA.FD
AR/AROCNT.DBL,SYSTEM.FD
AR/AROCTL.DBL,AROPN.FD
AR/AROCTL.DBL,DFDATA.FD
AR/AROCTL.DBL,SYSTEM.FD
AR/AROISM.DBL,DFDATA.FD
AR/AROISM.DBL,SYSTEM.FD
AR/ARTBAL.DBL,AROP2.FD
AR/ARTBAL.DBL,AROPN.FD
AR/ARTBAL.DBL,CUSMS.FDC
AR/ARTBAL.DBL,DFDATA.FD
AR/ARTBAL.DBL,SYSTEM.FD
AR/ARTBL2.DBL,AROP2.FD
AR/ARTBL2.DBL,AROPN.FD
AR/ARTBL2.DBL,CUSMS.FDC
AR/ARTBL2.DBL,DFDATA.FD
AR/ARTBL2.DBL,SYSTEM.FD
AR/BAL.DBL,AROPN.FD
AR/BDDPRT.DBL,BIDDL.FD
AR/BDDPRT.DBL,DFDATA.FD
AR/BDDPRT.DBL,SYSTEM.FD
AR/BDW1.DBL,BIDMS.FDC
AR/BDW1.DBL,SALES.FDC
AR/BIDCHG.DBL,BIDMS.FD
AR/BIDCHG.DBL,CUSMS.FDC
AR/BIDCHG.DBL,DFDATA.FD
AR/BIDCHG.DBL,SYSTEM.FD
AR/BIDDEL.DBL,BIDDL.FD
AR/BIDDEL.DBL,BIDMS.FD
AR/BIDDEL.DBL,DFDATA.FD
AR/BIDDEL.DBL,SYSTEM.FD
AR/BIDMAN.DBL,BIDMS.FD
AR/BIDMAN.DBL,CUSMS.FDC
AR/BIDMAN.DBL,DFDATA.FD
AR/BIDMAN.DBL,SYSTEM.FD
AR/BIDMNT.DBL,DFDATA.FD
AR/BIDMNT.DBL,SYSTEM.FD
AR/BIDPRT.DBL,BIDMS.FD
AR/BIDPRT.DBL,CUSMS.FDC
AR/BIDPRT.DBL,DFDATA.FD
AR/BIDPRT.DBL,SYSTEM.FD
AR/BLDARO.DBL,AROPN.FD
AR/BLDARO.DBL,CUSMS.FDC
AR/BLDARO.DBL,DFDATA.FD
AR/BLDARO.DBL,SYSTEM.FD
AR/BLDCAT.DBL,DFDATA.FD
AR/BLDCAT.DBL,SALCT.FD
AR/BLDCAT.DBL,SYSTEM.FD
AR/BLDTMP.DBL,AROP2.FD
AR/BLDTMP.DBL,AROPN.FD
AR/BLDTMP.DBL,DFDATA.FD
AR/BLDTMP.DBL,SYSTEM.FD
AR/CALSRT.DBL,DFDATA.FD
AR/CALSRT.DBL,SYSTEM.FD
AR/CATCHG.DBL,CATMS.FDC
AR/CATCHG.DBL,DFDATA.FD
AR/CATCHG.DBL,HEADER.FDC
AR/CATCHG.DBL,SYSTEM.FD
AR/CATMAN.DBL,CATMS.FDC
AR/CATMAN.DBL,DFDATA.FD
AR/CATMAN.DBL,HEADER.FDC
AR/CATMAN.DBL,SYSTEM.FD
AR/CATMNT.DBL,DFDATA.FD
AR/CATMNT.DBL,SYSTEM.FD
AR/CATPR2.DBL,CATMS.FDC
AR/CATPR2.DBL,DFDATA.FD
AR/CATPR2.DBL,HEADER.FDC
AR/CATPR2.DBL,SYSTEM.FD
AR/CATPR3.DBL,CATMS.FDC
AR/CATPR3.DBL,DFDATA.FD
AR/CATPR3.DBL,HEADER.FDC
AR/CATPR3.DBL,SYSTEM.FD
AR/CATPRT.DBL,CATMS.FDC
AR/CATPRT.DBL,DFDATA.FD
AR/CATPRT.DBL,SYSTEM.FD
AR/CATUP2.DBL,CATMS.FDC
AR/CATUP2.DBL,DFDATA.FD
AR/CATUP2.DBL,HEADER.FDC
AR/CATUP2.DBL,SALES.FD
AR/CATUP2.DBL,SYSTEM.FD
AR/CFMANT.DBL,DFDATA.FD
AR/CFMANT.DBL,SYSTEM.FD
AR/CLIST.DBL,CUSMS.FDC
AR/CLIST.DBL,DFDATA.FD
AR/CLIST.DBL,SYSTEM.FD
AR/CLIST.DBL,TMPIX.FD
AR/CLRAMN.DBL,SYSTEM.FD
AR/CLRCCY.DBL,DFDATA.FD
AR/CLRCCY.DBL,SYSTEM.FD
AR/CLRCSH.DBL,CASH.FD
AR/CLRCSH.DBL,DFDATA.FD
AR/CLRCSH.DBL,SYSTEM.FD
AR/CLRCTY.DBL,CITY.FD
AR/CLRCTY.DBL,DFDATA.FD
AR/CLRCTY.DBL,SYSTEM.FD
AR/CLRDEV.DBL,DFDATA.FD
AR/CLRDEV.DBL,SYSTEM.FD
AR/CLRMAR.DBL,CUSMS.FDC
AR/CLRMAR.DBL,DFDATA.FD
AR/CLRMAR.DBL,SYSTEM.FD
AR/CLRMCT.DBL,CATMS.FDC
AR/CLRMCT.DBL,DFDATA.FD
AR/CLRMCT.DBL,SYSTEM.FD
AR/CLRMOC.DBL,DFDATA.FD
AR/CLRMOC.DBL,MONCS.FD
AR/CLRMOC.DBL,SYSTEM.FD
AR/CLRMOS.DBL,DFDATA.FD
AR/CLRMOS.DBL,MONSL.FD
AR/CLRMOS.DBL,SYSTEM.FD
AR/CLRMSC.DBL,DFDATA.FD
AR/CLRMSC.DBL,SALCT.FD
AR/CLRMSC.DBL,SYSTEM.FD
AR/CLRSAL.DBL,DFDATA.FD
AR/CLRSAL.DBL,SALCT.FD
AR/CLRSAL.DBL,SYSTEM.FD
AR/CLRSCY.DBL,DFDATA.FD
AR/CLRSCY.DBL,SALCT.FD
AR/CLRSCY.DBL,SYSTEM.FD
AR/CLRSLS.DBL,DFDATA.FD
AR/CLRSLS.DBL,SALES.FD
AR/CLRSLS.DBL,SYSTEM.FD
AR/CLRSTA.DBL,DFDATA.FD
AR/CLRSTA.DBL,STATE.FD
AR/CLRSTA.DBL,SYSTEM.FD
AR/CLRYAR.DBL,CUSMS.FDC
AR/CLRYAR.DBL,DFDATA.FD
AR/CLRYAR.DBL,SYSTEM.FD
AR/CLRYCT.DBL,CATMS.FDC
AR/CLRYCT.DBL,DFDATA.FD
AR/CLRYCT.DBL,SYSTEM.FD
AR/CLRYTD.DBL,CSCIX.FD
AR/CLRYTD.DBL,DFDATA.FD
AR/CLRYTD.DBL,SYSTEM.FD
AR/CLRYTD.DBL,YTDCC.FD
AR/CMCH1.DBL,ADRMS.FDC
AR/CMCH1.DBL,CTRAC.FD
AR/CMCH1.DBL,CUSIX.FD
AR/CMCH1.DBL,CUSMS.FDC
AR/CMCH1.DBL,HEADER.FDC
AR/CMCH2.DBL,CUSMS.FDC
AR/CMCH2.DBL,HEADER.FDC
AR/CMDP2.DBL,CUSMS.FDC
AR/CMIQ1.DBL,CUSIX.FD
AR/CMIQ1.DBL,CUSMS.FDC
AR/CMIQ1.DBL,HEADER.FDC
AR/CMSS1.DBL,ADRMS.FDC
AR/CMSS1.DBL,CUSMS.FDC
AR/CMSS1.DBL,HEADER.FDC
AR/CMSS2.DBL,CUSMS.FDC
AR/CMTR1.DBL,CTRAC.FD
AR/CMTR1.DBL,CUSMS.FDC
AR/CMW1.DBL,ADRMS.FDC
AR/CMW1.DBL,CUSMS.FDC
AR/CMW2.DBL,CUSIX.FD
AR/CMW2.DBL,CUSMS.FDC
AR/CSCCNT.DBL,DFDATA.FD
AR/CSCCNT.DBL,SYSTEM.FD
AR/CSCCNT.DBL,YTDCC.FD
AR/CSCM1.DBL,YTDCC.FDC
AR/CSCM2.DBL,YTDCC.FDC
AR/CSCM3.DBL,YTDCC.FDC
AR/CSCTMT.DBL,CSCIX.FD
AR/CSCTMT.DBL,DFDATA.FD
AR/CSCTMT.DBL,SYSTEM.FD
AR/CSCTMT.DBL,YTDCC.FDC
AR/CSHDSP.DBL,CASH.FD
AR/CSHDSP.DBL,DFDATA.FD
AR/CSHDSP.DBL,SYSTEM.FD
AR/CSHEDT.DBL,CASH.FD
AR/CSHEDT.DBL,DFDATA.FD
AR/CSHEDT.DBL,SYSTEM.FD
AR/CSHENT.DBL,AROPN.FD
AR/CSHENT.DBL,CASH.FD
AR/CSHENT.DBL,CUSMS.FDC
AR/CSHENT.DBL,DFDATA.FD
AR/CSHENT.DBL,HEADER.FDC
AR/CSHENT.DBL,SYSTEM.FD
AR/CSHJNL.DBL,CASH.FD
AR/CSHJNL.DBL,DFDATA.FD
AR/CSHJNL.DBL,GLIFL.FD
AR/CSHJNL.DBL,HEADER.FDC
AR/CSHJNL.DBL,SYSTEM.FD
AR/CSTORG.DBL,CSCIX.FD
AR/CSTORG.DBL,DFDATA.FD
AR/CSTORG.DBL,SYSTEM.FD
AR/CSTORG.DBL,YTDCC.FD
AR/CTCH1.DBL,CATMS.FDC
AR/CTCH1.DBL,HEADER.FDC
AR/CTDP2.DBL,CATMS.FDC
AR/CTDP2.DBL,HEADER.FDC
AR/CTRCLR.DBL,CTRAC.FD
AR/CTRCLR.DBL,DFDATA.FD
AR/CTRCLR.DBL,SYSTEM.FD
AR/CTRPRT.DBL,CTRAC.FD
AR/CTRPRT.DBL,DFDATA.FD
AR/CTRPRT.DBL,SYSTEM.FD
AR/CTSS1.DBL,CATMS.FDC
AR/CTSS1.DBL,HEADER.FDC
AR/CTYMNT.DBL,CITY.FD
AR/CTYMNT.DBL,DFDATA.FD
AR/CTYMNT.DBL,SYSTEM.FD
AR/CUSCHG.DBL,ADRMS.FDC
AR/CUSCHG.DBL,CTRAC.FD
AR/CUSCHG.DBL,CUSIX.FD
AR/CUSCHG.DBL,CUSMS.FDC
AR/CUSCHG.DBL,DFDATA.FD
AR/CUSCHG.DBL,HEADER.FDC
AR/CUSCHG.DBL,SYSTEM.FD
AR/CUSINQ.DBL,CUSIX.FD
AR/CUSINQ.DBL,CUSMS.FDC
AR/CUSINQ.DBL,DFDATA.FD
AR/CUSINQ.DBL,HEADER.FDC
AR/CUSINQ.DBL,SYSTEM.FD
AR/CUSLST.DBL,CUSMS.FDC
AR/CUSLST.DBL,DFDATA.FD
AR/CUSLST.DBL,SYSTEM.FD
AR/CUSLST.DBL,TMPIX.FD
AR/CUSMAN.DBL,ADRMS.FDC
AR/CUSMAN.DBL,CTRAC.FD
AR/CUSMAN.DBL,CUSIX.FD
AR/CUSMAN.DBL,CUSMS.FDC
AR/CUSMAN.DBL,DFDATA.FD
AR/CUSMAN.DBL,HEADER.FDC
AR/CUSMAN.DBL,SYSTEM.FD
AR/CUSMNT.DBL,CUSIX.FD
AR/CUSMNT.DBL,CUSMS.FDC
AR/CUSMNT.DBL,DFDATA.FD
AR/CUSMNT.DBL,SYSTEM.FD
AR/CUSPRT.DBL,CUSMS.FDC
AR/CUSPRT.DBL,DFDATA.FD
AR/CUSPRT.DBL,SYSTEM.FD
AR/CUSTRC.DBL,CTRAC.FD
AR/CUSTRC.DBL,DFDATA.FD
AR/CUSTRC.DBL,SYSTEM.FD
AR/CVTARO.DBL,DFDATA.FD
AR/CVTARO.DBL,SYSTEM.FD
AR/CVTBID.DBL,DFDATA.FD
AR/CVTBID.DBL,SYSTEM.FD
AR/CVTCSH.DBL,DFDATA.FD
AR/CVTCSH.DBL,SYSTEM.FD
AR/CVTCUS.DBL,DFDATA.FD
AR/CVTCUS.DBL,SYSTEM.FD
AR/CVTMOC.DBL,DFDATA.FD
AR/CVTMOC.DBL,SYSTEM.FD
AR/CVTMOS.DBL,DFDATA.FD
AR/CVTMOS.DBL,SYSTEM.FD
AR/CVTSAL.DBL,DFDATA.FD
AR/CVTSAL.DBL,SYSTEM.FD
AR/DAYCA2.DBL,DFDATA.FD
AR/DAYCA2.DBL,HEADER.FDC
AR/DAYCA2.DBL,SALES.FD
AR/DAYCA2.DBL,SYSTEM.FD
AR/ENTRX.DBL,AROP2.FD
AR/ENTRX.DBL,AROPN.FD
AR/ENTRX.DBL,CUSMS.FDC
AR/ENTRX.DBL,TCASH.FD
AR/ENTRX.DBL,XCASH.FD
AR/FCHRPT.DBL,CUSMS.FDC
AR/FCHRPT.DBL,DFDATA.FD
AR/FCHRPT.DBL,FINCH.FD
AR/FCHRPT.DBL,SYSTEM.FD
AR/FINCHG.DBL,AROP2.FD
AR/FINCHG.DBL,AROPN.FD
AR/FINCHG.DBL,CUSMS.FDC
AR/FINCHG.DBL,DFDATA.FD
AR/FINCHG.DBL,FINCH.FD
AR/FINCHG.DBL,HEADER.FDC
AR/FINCHG.DBL,SYSTEM.FD
AR/FIXSLS.DBL,DFDATA.FD
AR/FIXSLS.DBL,SALES.FDC
AR/FIXSLS.DBL,SYSTEM.FD
AR/FNNOTE.DBL,CUSMS.FDC
AR/FNNOTE.DBL,DFDATA.FD
AR/FNNOTE.DBL,FINCH.FD
AR/FNNOTE.DBL,HEADER.FDC
AR/FNNOTE.DBL,SYSTEM.FD
AR/HDRMNT.DBL,DFDATA.FD
AR/HDRMNT.DBL,HEADER.FDC
AR/HDRMNT.DBL,SYSTEM.FD
AR/IDCTRL.DBL,SYSTEM.FD
AR/INITAR.DBL,DFDATA.FD
AR/INITAR.DBL,SYSTEM.FD
AR/INMENU.DBL,SYSTEM.FD
AR/LABELS.DBL,CUSMS.FDC
AR/LABELS.DBL,DFDATA.FD
AR/LABELS.DBL,SYSTEM.FD
AR/LABMNU.DBL,DFDATA.FD
AR/LABMNU.DBL,SYSTEM.FD
AR/LABTYP.DBL,CUSMS.FDC
AR/LABTYP.DBL,DFDATA.FD
AR/LABTYP.DBL,SYSTEM.FD
AR/LETMNT.DBL,DFDATA.FD
AR/LETMNT.DBL,LETMS.FD
AR/LETMNT.DBL,SYSTEM.FD
AR/LETTER.DBL,AROP2.FD
AR/LETTER.DBL,AROPN.FD
AR/LETTER.DBL,COFILE.FD
AR/LETTER.DBL,CUSMS.FDC
AR/LETTER.DBL,DFDATA.FD
AR/LETTER.DBL,HEADER.FDC
AR/LETTER.DBL,LETMS.FD
AR/LETTER.DBL,SYSTEM.FD
AR/MISAR.DBL,DFDATA.FD
AR/MISAR.DBL,SYSTEM.FD
AR/MOCASH.DBL,DFDATA.FD
AR/MOCASH.DBL,SYSTEM.FD
AR/MOCSUM.DBL,DFDATA.FD
AR/MOCSUM.DBL,MONCS.FD
AR/MOCSUM.DBL,SYSTEM.FD
AR/MOSALE.DBL,DFDATA.FD
AR/MOSALE.DBL,SYSTEM.FD
AR/MOSSUM.DBL,DFDATA.FD
AR/MOSSUM.DBL,MONSL.FD
AR/MOSSUM.DBL,SYSTEM.FD
AR/NWP071.DBL,CUSMS.FDC
AR/NWP071.DBL,DFDATA.FD
AR/NWP071.DBL,SYSTEM.FD
AR/OK2PST.DBL,CUSMS.FDC
AR/OK2PST.DBL,DFDATA.FD
AR/OK2PST.DBL,FINCH.FD
AR/OK2PST.DBL,SYSTEM.FD
AR/ORGARO.DBL,AROPN.FD
AR/ORGARO.DBL,DFDATA.FD
AR/ORGARO.DBL,SYSTEM.FD
AR/PAST30.DBL,AROP2.FD
AR/PAST30.DBL,AROPN.FD
AR/PAST30.DBL,CUSMS.FDC
AR/PAST30.DBL,DFDATA.FD
AR/PAST30.DBL,HEADER.FDC
AR/PAST30.DBL,SYSTEM.FD
AR/PRTCOF.DBL,DFDATA.FD
AR/PRTCOF.DBL,SYSTEM.FD
AR/PSTCSH.DBL,AROPN.FD
AR/PSTCSH.DBL,CASH.FD
AR/PSTCSH.DBL,CUSMS.FDC
AR/PSTCSH.DBL,DFDATA.FD
AR/PSTCSH.DBL,SYSTEM.FD
AR/PSTFCH.DBL,AROPN.FD
AR/PSTFCH.DBL,DFDATA.FD
AR/PSTFCH.DBL,FINCH.FD
AR/PSTFCH.DBL,MONSL.FD
AR/PSTFCH.DBL,SYSTEM.FD
AR/PSTMOC.DBL,CASH.FD
AR/PSTMOC.DBL,DFDATA.FD
AR/PSTMOC.DBL,MONCS.FD
AR/PSTMOC.DBL,SYSTEM.FD
AR/PSTMOS.DBL,DFDATA.FD
AR/PSTMOS.DBL,MONSL.FD
AR/PSTMOS.DBL,SALES.FD
AR/PSTMOS.DBL,SYSTEM.FD
AR/PSTSLS.DBL,AROPN.FD
AR/PSTSLS.DBL,DFDATA.FD
AR/PSTSLS.DBL,SALES.FD
AR/PSTSLS.DBL,SYSTEM.FD
AR/PURG02.DBL,AROPN.FD
AR/PURG02.DBL,DFDATA.FD
AR/PURG02.DBL,PURIX.FD
AR/PURG02.DBL,SYSTEM.FD
AR/PURGAR.DBL,AROPN.FD
AR/PURGAR.DBL,DFDATA.FD
AR/PURGAR.DBL,PURIX.FD
AR/PURGAR.DBL,SYSTEM.FD
AR/PURGE.DBL,AROPN.FD
AR/PURGE.DBL,DFDATA.FD
AR/PURGE.DBL,PURIX.FD
AR/PURGE.DBL,SYSTEM.FD
AR/PURGOP.DBL,AROPN.FD
AR/PURGOP.DBL,DFDATA.FD
AR/PURGOP.DBL,PURIX.FD
AR/PURGOP.DBL,SYSTEM.FD
AR/PURMNU.DBL,SYSTEM.FD
AR/RETCHG.DBL,CATMS.FDC
AR/RETCHG.DBL,CUSMS.FDC
AR/RETCHG.DBL,DFDATA.FD
AR/RETCHG.DBL,HEADER.FDC
AR/RETCHG.DBL,SALES.FDC
AR/RETCHG.DBL,SYSTEM.FD
AR/RETDSP.DBL,DFDATA.FD
AR/RETDSP.DBL,HEADER.FDC
AR/RETDSP.DBL,SALES.FD
AR/RETDSP.DBL,SYSTEM.FD
AR/RETEDT.DBL,DFDATA.FD
AR/RETEDT.DBL,HEADER.FDC
AR/RETEDT.DBL,SALES.FD
AR/RETEDT.DBL,SYSTEM.FD
AR/RETENT.DBL,BIDMS.FDC
AR/RETENT.DBL,CATMS.FDC
AR/RETENT.DBL,CUSMS.FDC
AR/RETENT.DBL,DFDATA.FD
AR/RETENT.DBL,HEADER.FDC
AR/RETENT.DBL,SALES.FDC
AR/RETENT.DBL,SYSTEM.FD
AR/RETJNL.DBL,DFDATA.FD
AR/RETJNL.DBL,HEADER.FDC
AR/RETJNL.DBL,SALES.FD
AR/RETJNL.DBL,SYSTEM.FD
AR/RETMNU.DBL,DFDATA.FD
AR/RETMNU.DBL,HEADER.FDC
AR/RETMNU.DBL,SYSTEM.FD
AR/RTCH1.DBL,CATMS.FDC
AR/RTCH1.DBL,CITY.FD
AR/RTCH1.DBL,CUSIX.FD
AR/RTCH1.DBL,CUSMS.FDC
AR/RTCH1.DBL,HEADER.FDC
AR/RTCH1.DBL,SALES.FDC
AR/RTCH1.DBL,STATE.FD
AR/RTDP1.DBL,HEADER.FDC
AR/RTSC1.DBL,BIDMS.FDC
AR/RTSC1.DBL,CATMS.FDC
AR/RTSC1.DBL,CITY.FD
AR/RTSC1.DBL,CUSIX.FD
AR/RTSC1.DBL,CUSMS.FDC
AR/RTSC1.DBL,HEADER.FDC
AR/RTSC1.DBL,SALES.FDC
AR/RTSC1.DBL,STATE.FD
AR/RTW1.DBL,ADRMS.FDC
AR/RTW1.DBL,CUSMS.FDC
AR/SACMA2.DBL,DFDATA.FD
AR/SACMA2.DBL,HEADER.FDC
AR/SACMA2.DBL,SALCT.FD
AR/SACMA2.DBL,SALES.FD
AR/SACMA2.DBL,SYSTEM.FD
AR/SACRPT.DBL,DFDATA.FD
AR/SACRPT.DBL,HEADER.FDC
AR/SACRPT.DBL,SALCT.FD
AR/SACRPT.DBL,SYSTEM.FD
AR/SACSUM.DBL,DFDATA.FD
AR/SACSUM.DBL,HEADER.FDC
AR/SACSUM.DBL,SALCT.FD
AR/SACSUM.DBL,SYSTEM.FD
AR/SACTYP.DBL,CUSMS.FDC
AR/SACTYP.DBL,DFDATA.FD
AR/SACTYP.DBL,SAIDX.FD
AR/SACTYP.DBL,SYSTEM.FD
AR/SACUST.DBL,CUSMS.FDC
AR/SACUST.DBL,DFDATA.FD
AR/SACUST.DBL,SAIDX.FD
AR/SACUST.DBL,SYSTEM.FD
AR/SALANL.DBL,CUSMS.FDC
AR/SALANL.DBL,DFDATA.FD
AR/SALANL.DBL,HEADER.FDC
AR/SALANL.DBL,SAIDX.FD
AR/SALANL.DBL,SYSTEM.FD
AR/SALCNT.DBL,DFDATA.FD
AR/SALCNT.DBL,SALCT.FD
AR/SALCNT.DBL,SYSTEM.FD
AR/SALORG.DBL,DFDATA.FD
AR/SALORG.DBL,SALCT.FD
AR/SALORG.DBL,SYSTEM.FD
AR/SARTBL.DBL,AROP2.FD
AR/SARTBL.DBL,AROPN.FD
AR/SARTBL.DBL,ASLIX.FD
AR/SARTBL.DBL,CUSMS.FDC
AR/SARTBL.DBL,DFDATA.FD
AR/SARTBL.DBL,SYSTEM.FD
AR/SARTCU.DBL,AROP2.FD
AR/SARTCU.DBL,AROPN.FD
AR/SARTCU.DBL,ASLIX.FD
AR/SARTCU.DBL,CUSMS.FDC
AR/SARTCU.DBL,DFDATA.FD
AR/SARTCU.DBL,SYSTEM.FD
AR/SASEL.DBL,DFDATA.FD
AR/SASEL.DBL,SYSTEM.FD
AR/SASLMN.DBL,CUSMS.FDC
AR/SASLMN.DBL,DFDATA.FD
AR/SASLMN.DBL,SAIDX.FD
AR/SASLMN.DBL,SYSTEM.FD
AR/SASTAT.DBL,CUSMS.FDC
AR/SASTAT.DBL,DFDATA.FD
AR/SASTAT.DBL,SAIDX.FD
AR/SASTAT.DBL,SYSTEM.FD
AR/SCMNT.DBL,DFDATA.FD
AR/SCMNT.DBL,HEADER.FDC
AR/SCMNT.DBL,SALCT.FD
AR/SCMNT.DBL,SYSTEM.FD
AR/SELNV.DBL,AROP2.FD
AR/SELNV.DBL,AROPN.FD
AR/SELNV.DBL,TCASH.FD
AR/SELNV.DBL,XCASH.FD
AR/SLSCA2.DBL,DFDATA.FD
AR/SLSCA2.DBL,HEADER.FDC
AR/SLSCA2.DBL,SALES.FD
AR/SLSCA2.DBL,SYSTEM.FD
AR/SLSEDT.DBL,DFDATA.FD
AR/SLSEDT.DBL,SALES.FD
AR/SLSEDT.DBL,SYSTEM.FD
AR/SLSENT.DBL,CUSMS.FDC
AR/SLSENT.DBL,DFDATA.FD
AR/SLSENT.DBL,HEADER.FDC
AR/SLSENT.DBL,SALES.FD
AR/SLSENT.DBL,SYSTEM.FD
AR/SLSGL2.DBL,DFDATA.FD
AR/SLSGL2.DBL,GLIFL.FD
AR/SLSGL2.DBL,SYSTEM.FD
AR/SLSGLT.DBL,CATMS.FDC
AR/SLSGLT.DBL,DFDATA.FD
AR/SLSGLT.DBL,HEADER.FDC
AR/SLSGLT.DBL,SALES.FD
AR/SLSGLT.DBL,STATE.FD
AR/SLSGLT.DBL,SYSTEM.FD
AR/SLSGPR.DBL,DFDATA.FD
AR/SLSGPR.DBL,SYSTEM.FD
AR/SLSJNL.DBL,DFDATA.FD
AR/SLSJNL.DBL,HEADER.FDC
AR/SLSJNL.DBL,SALES.FD
AR/SLSJNL.DBL,SYSTEM.FD
AR/SLSTAX.DBL,CITY.FD
AR/SLSTAX.DBL,DFDATA.FD
AR/SLSTAX.DBL,HEADER.FDC
AR/SLSTAX.DBL,SALES.FD
AR/SLSTAX.DBL,STATE.FD
AR/SLSTAX.DBL,SYSTEM.FD
AR/SPC2.DBL,AROPN.FD
AR/SPC2.DBL,DFDATA.FD
AR/SPC2.DBL,SYSTEM.FD
AR/SRTYT2.DBL,DFDATA.FD
AR/SRTYT2.DBL,HEADER.FDC
AR/SRTYT2.DBL,SYSTEM.FD
AR/SRTYT2.DBL,YTDCC.FD
AR/STAMNT.DBL,DFDATA.FD
AR/STAMNT.DBL,STATE.FD
AR/STAMNT.DBL,SYSTEM.FD
AR/STATEM.DBL,DFDATA.FD
AR/STATEM.DBL,SYSTEM.FD
AR/STMENT.DBL,AROP2.FD
AR/STMENT.DBL,AROPN.FD
AR/STMENT.DBL,CUSMS.FDC
AR/STMENT.DBL,DFDATA.FD
AR/STMENT.DBL,HEADER.FDC
AR/STMENT.DBL,SYSTEM.FD
AR/STXEOM.DBL,CITY.FD
AR/STXEOM.DBL,DFDATA.FD
AR/STXEOM.DBL,STATE.FD
AR/STXEOM.DBL,SYSTEM.FD
AR/UNPRAR.DBL,DFDATA.FD
AR/UNPRAR.DBL,SYSTEM.FD
AR/WRTOR2.DBL,DFDATA.FD
AR/WRTOR2.DBL,SYSTEM.FD
AR/WRTOR2.DBL,YTDCC.FD
AR/YTDMEN.DBL,DFDATA.FD
AR/YTDMEN.DBL,SYSTEM.FD
AR/YTDRPT.DBL,CSCIX.FD
AR/YTDRPT.DBL,CUSMS.FDC
AR/YTDRPT.DBL,DFDATA.FD
AR/YTDRPT.DBL,HEADER.FDC
AR/YTDRPT.DBL,SYSTEM.FD
AR/YTDRPT.DBL,YTDCC.FD
AR/YTDUP2.DBL,CSCIX.FD
AR/YTDUP2.DBL,DFDATA.FD
AR/YTDUP2.DBL,HEADER.FDC
AR/YTDUP2.DBL,SALES.FD
AR/YTDUP2.DBL,SYSTEM.FD
AR/YTDUP2.DBL,YTDCC.FD
BR/CVTP35.DBL,DFDATA.FD
BR/CVTP35.DBL,SYSTEM.FD
BR/INITBR.DBL,DFDATA.FD
BR/INITBR.DBL,SYSTEM.FD
BR/PC450.DBL,SYSTEM.FD
BR/PC500.DBL,DFDATA.FD
BR/PC500.DBL,PA20.FD
BR/PC500.DBL,PE35.FDC
BR/PC500.DBL,SYSTEM.FD
BR/PC501.DBL,PE35.FDC
BR/PC550.DBL,DFDATA.FD
BR/PC550.DBL,PE35.FD
BR/PC550.DBL,SYSTEM.FD
BR/PC555.DBL,DFDATA.FD
BR/PC555.DBL,PE35.FD
BR/PC555.DBL,SYSTEM.FD
BR/PC600.DBL,COFILE.FD
BR/PC600.DBL,DFDATA.FD
BR/PC600.DBL,PE35.FD
BR/PC600.DBL,SYSTEM.FD
BR/PC650.DBL,DFDATA.FD
BR/PC650.DBL,PE35.FDC
BR/PC650.DBL,SYSTEM.FD
BR/PC675.DBL,DFDATA.FD
BR/PC675.DBL,PE35.FD
BR/PC675.DBL,SYSTEM.FD
GL/ACTPRD.DBL,DFDATA.FD
GL/ACTPRD.DBL,GLAMS.FD
GL/ACTPRD.DBL,SYSTEM.FD
GL/AUTDSP.DBL,ATWRK.FD
GL/AUTDSP.DBL,DFDATA.FD
GL/AUTDSP.DBL,GLAIX.FD
GL/AUTDSP.DBL,GLAMS.FD
GL/AUTDSP.DBL,SYSTEM.FD
GL/AUTEDT.DBL,ATWRK.FD
GL/AUTEDT.DBL,DFDATA.FD
GL/AUTEDT.DBL,GLAIX.FD
GL/AUTEDT.DBL,GLAMS.FD
GL/AUTEDT.DBL,SYSTEM.FD
GL/AUTOGL.DBL,APGL.FD
GL/AUTOGL.DBL,ARGL.FD
GL/AUTOGL.DBL,COFILE.FD
GL/AUTOGL.DBL,DFDATA.FD
GL/AUTOGL.DBL,GLDIS.FD
GL/AUTOGL.DBL,GLINT.FD
GL/AUTOGL.DBL,GLWRK.FD
GL/AUTOGL.DBL,PRGL.FD
GL/AUTOGL.DBL,SYSTEM.FD
GL/AUTRX.DBL,ATWRK.FD
GL/AUTRX.DBL,DFDATA.FD
GL/AUTRX.DBL,GLAIX.FD
GL/AUTRX.DBL,GLAMS.FD
GL/AUTRX.DBL,SYSTEM.FD
GL/BLANCE.DBL,DFDATA.FD
GL/BLANCE.DBL,GLAMS.FD
GL/BLANCE.DBL,GLPFC.FD
GL/BLANCE.DBL,SYSTEM.FD
GL/BLANCE.DBL,TMPFL.FD
GL/BLANCE.DBL,YTDGL.FD
GL/BLANCE.DBL,YTDIX.FD
GL/BLDGLI.DBL,DFDATA.FD
GL/BLDGLI.DBL,GLAIX.FD
GL/BLDGLI.DBL,GLAMS.FD
GL/BLDGLI.DBL,GLTIX.FD
GL/BLDGLI.DBL,SYSTEM.FD
GL/BLNC3A.DBL,DFDATA.FD
GL/BLNC3A.DBL,GLAMS.FD
GL/BLNC3A.DBL,GLPFC.FD
GL/BLNC3A.DBL,GLT1F.FD
GL/BLNC3A.DBL,SYSTEM.FD
GL/BLNC3A.DBL,YTD1F.FD
GL/BLNC3A.DBL,YTDIX.FD
GL/BLNCE3.DBL,DFDATA.FD
GL/BLNCE3.DBL,GLAMS.FD
GL/BLNCE3.DBL,GLPFC.FD
GL/BLNCE3.DBL,GLT1F.FD
GL/BLNCE3.DBL,SYSTEM.FD
GL/BLNCE3.DBL,YTD1F.FD
GL/BLNCE3.DBL,YTDIX.FD
GL/CHGYTD.DBL,DFDATA.FD
GL/CHGYTD.DBL,SYSTEM.FD
GL/CHGYTD.DBL,YTDGL.FD
GL/CLRATW.DBL,ATWRK.FD
GL/CLRATW.DBL,DFDATA.FD
GL/CLRATW.DBL,SYSTEM.FD
GL/CLRGLW.DBL,DFDATA.FD
GL/CLRGLW.DBL,GLWRK.FD
GL/CLRGLW.DBL,SYSTEM.FD
GL/COMPRS.DBL,DFDATA.FD
GL/COMPRS.DBL,GLAMS.FD
GL/COMPRS.DBL,SYSTEM.FD
GL/COMPRS.DBL,YTDGL.FD
GL/CSLAMT.DBL,COFILE.FD
GL/CSLAMT.DBL,CSLCN.FD
GL/CSLAMT.DBL,CSLIX.FD
GL/CSLAMT.DBL,CSLMS.FD
GL/CSLAMT.DBL,DFDATA.FD
GL/CSLAMT.DBL,GLAMS.FD
GL/CSLAMT.DBL,SYSTEM.FD
GL/CSLBAL.DBL,CSLFX.FD
GL/CSLBAL.DBL,CSLMS.FD
GL/CSLBAL.DBL,CSLTF.FD
GL/CSLBAL.DBL,CSLYD.FD
GL/CSLBAL.DBL,DFDATA.FD
GL/CSLBAL.DBL,SYSTEM.FD
GL/CSLBLD.DBL,COFILE.FD
GL/CSLBLD.DBL,CSLIX.FD
GL/CSLBLD.DBL,CSLMS.FD
GL/CSLBLD.DBL,CSLYD.FD
GL/CSLBLD.DBL,DFDATA.FD
GL/CSLBLD.DBL,GLAIX.FD
GL/CSLBLD.DBL,GLAMS.FD
GL/CSLBLD.DBL,SYSTEM.FD
GL/CSLCLR.DBL,CSLCN.FD
GL/CSLCLR.DBL,DFDATA.FD
GL/CSLCLR.DBL,SYSTEM.FD
GL/CSLCNT.DBL,CSLCN.FD
GL/CSLCNT.DBL,DFDATA.FD
GL/CSLCNT.DBL,SYSTEM.FD
GL/CSLCOS.DBL,COFILE.FD
GL/CSLCOS.DBL,CSLCN.FD
GL/CSLCOS.DBL,DFDATA.FD
GL/CSLCOS.DBL,SYSTEM.FD
GL/CSLFS4.DBL,CSLFX.FD
GL/CSLFS4.DBL,CSLIX.FD
GL/CSLFS4.DBL,CSLMS.FD
GL/CSLFS4.DBL,CSLSX.FD
GL/CSLFS4.DBL,CSLYD.FD
GL/CSLFS4.DBL,DFDATA.FD
GL/CSLFS4.DBL,SYSTEM.FD
GL/CSLFST.DBL,CSLFX.FD
GL/CSLFST.DBL,CSLIX.FD
GL/CSLFST.DBL,CSLMS.FD
GL/CSLFST.DBL,CSLSX.FD
GL/CSLFST.DBL,CSLYD.FD
GL/CSLFST.DBL,DFDATA.FD
GL/CSLFST.DBL,SYSTEM.FD
GL/CSLMNU.DBL,COFILE.FD
GL/CSLMNU.DBL,DFDATA.FD
GL/CSLMNU.DBL,SYSTEM.FD
GL/CSLPL4.DBL,CSLFX.FD
GL/CSLPL4.DBL,CSLMS.FD
GL/CSLPL4.DBL,CSLTF.FD
GL/CSLPL4.DBL,CSLYD.FD
GL/CSLPL4.DBL,DFDATA.FD
GL/CSLPL4.DBL,SYSTEM.FD
GL/CSLPNL.DBL,CSLFX.FD
GL/CSLPNL.DBL,CSLMS.FD
GL/CSLPNL.DBL,CSLTF.FD
GL/CSLPNL.DBL,CSLYD.FD
GL/CSLPNL.DBL,DFDATA.FD
GL/CSLPNL.DBL,SYSTEM.FD
GL/CSLPRT.DBL,CSLCN.FD
GL/CSLPRT.DBL,DFDATA.FD
GL/CSLPRT.DBL,SYSTEM.FD
GL/CSLRAT.DBL,CSLFX.FD
GL/CSLRAT.DBL,CSLMS.FD
GL/CSLRAT.DBL,CSLTF.FD
GL/CSLRAT.DBL,CSLYD.FD
GL/CSLRAT.DBL,DFDATA.FD
GL/CSLRAT.DBL,SYSTEM.FD
GL/CSLSCB.DBL,CSLMS.FD
GL/CSLSCB.DBL,CSLSX.FD
GL/CSLSCB.DBL,CSLTF.FD
GL/CSLSCB.DBL,CSLYD.FD
GL/CSLSCB.DBL,DFDATA.FD
GL/CSLSCB.DBL,SYSTEM.FD
GL/CSLSCP.DBL,CSLMS.FD
GL/CSLSCP.DBL,CSLSX.FD
GL/CSLSCP.DBL,CSLTF.FD
GL/CSLSCP.DBL,CSLYD.FD
GL/CSLSCP.DBL,DFDATA.FD
GL/CSLSCP.DBL,SYSTEM.FD
GL/CSLTBL.DBL,CSLIX.FD
GL/CSLTBL.DBL,CSLMS.FD
GL/CSLTBL.DBL,CSLYD.FD
GL/CSLTBL.DBL,DFDATA.FD
GL/CSLTBL.DBL,SYSTEM.FD
GL/CSLTRX.DBL,COFILE.FD
GL/CSLTRX.DBL,CSLCN.FD
GL/CSLTRX.DBL,CSLYD.FD
GL/CSLTRX.DBL,DFDATA.FD
GL/CSLTRX.DBL,SYSTEM.FD
GL/CSLTRX.DBL,YTDGL.FD
GL/CSLUNP.DBL,DFDATA.FD
GL/CSLUNP.DBL,SYSTEM.FD
GL/CVTATW.DBL,DFDATA.FD
GL/CVTATW.DBL,SYSTEM.FD
GL/CVTGLA.DBL,DFDATA.FD
GL/CVTGLA.DBL,SYSTEM.FD
GL/CVTGLI.DBL,DFDATA.FD
GL/CVTGLI.DBL,SYSTEM.FD
GL/CVTGLW.DBL,DFDATA.FD
GL/CVTGLW.DBL,SYSTEM.FD
GL/CVTYTD.DBL,DFDATA.FD
GL/CVTYTD.DBL,SYSTEM.FD
GL/EXTGLE.DBL,COFILE.FD
GL/EXTGLE.DBL,DFDATA.FD
GL/EXTGLE.DBL,EQPTF.FD
GL/EXTGLE.DBL,GLWRK.FD
GL/EXTGLE.DBL,SYSTEM.FD
GL/EXTGLE.DBL,UNTTF.FD
GL/EXTGLJ.DBL,DFDATA.FD
GL/EXTGLJ.DBL,GLWRK.FD
GL/EXTGLJ.DBL,JOBTF.FD
GL/EXTGLJ.DBL,SYSTEM.FD
GL/EXTGLU.DBL,COFILE.FD
GL/EXTGLU.DBL,DFDATA.FD
GL/EXTGLU.DBL,GLWRK.FD
GL/EXTGLU.DBL,SYSTEM.FD
GL/EXTGLU.DBL,UNTTF.FD
GL/GIFCLR.DBL,DFDATA.FD
GL/GIFCLR.DBL,GLIFL.FD
GL/GIFCLR.DBL,SYSTEM.FD
GL/GIFPST.DBL,DFDATA.FD
GL/GIFPST.DBL,GLAIX.FD
GL/GIFPST.DBL,GLAMS.FD
GL/GIFPST.DBL,GLIFL.FD
GL/GIFPST.DBL,GLWRK.FD
GL/GIFPST.DBL,SYSTEM.FD
GL/GLAMNT.DBL,DFDATA.FD
GL/GLAMNT.DBL,GLAIX.FD
GL/GLAMNT.DBL,GLAMS.FD
GL/GLAMNT.DBL,SYSTEM.FD
GL/GLAMNT.DBL,YTDGL.FD
GL/GLAPRT.DBL,DFDATA.FD
GL/GLAPRT.DBL,GLAIX.FD
GL/GLAPRT.DBL,GLAMS.FD
GL/GLAPRT.DBL,SYSTEM.FD
GL/GLCVT.DBL,DFDATA.FD
GL/GLCVT.DBL,GLAIX.FD
GL/GLCVT.DBL,GLAMS.FD
GL/GLCVT.DBL,SYSTEM.FD
GL/GLCVT.DBL,YTDGL.FD
GL/GLIMNT.DBL,DFDATA.FD
GL/GLIMNT.DBL,GLAIX.FD
GL/GLIMNT.DBL,GLAMS.FD
GL/GLIMNT.DBL,GLINT.FD
GL/GLIMNT.DBL,SYSTEM.FD
GL/GLIPRT.DBL,DFDATA.FD
GL/GLIPRT.DBL,GLINT.FD
GL/GLIPRT.DBL,SYSTEM.FD
GL/GLMCLR.DBL,DFDATA.FD
GL/GLMCLR.DBL,GLAMS.FD
GL/GLMCLR.DBL,SYSTEM.FD
GL/GLMCNT.DBL,DFDATA.FD
GL/GLMCNT.DBL,GLAMS.FD
GL/GLMCNT.DBL,SYSTEM.FD
GL/GLMCVT.DBL,DFDATA.FD
GL/GLMCVT.DBL,SYSTEM.FD
GL/GLMEN2.DBL,COFILE.FD
GL/GLMEN2.DBL,DFDATA.FD
GL/GLMEN2.DBL,SYSTEM.FD
GL/GLMENU.DBL,COFILE.FD
GL/GLMENU.DBL,DFDATA.FD
GL/GLMENU.DBL,SYSTEM.FD
GL/GLMERG.DBL,DFDATA.FD
GL/GLMERG.DBL,GLAIX.FD
GL/GLMERG.DBL,GLAM2.FD
GL/GLMERG.DBL,GLAMS.FD
GL/GLMERG.DBL,SYSTEM.FD
GL/GLPRT2.DBL,DFDATA.FD
GL/GLPRT2.DBL,GLAMS.FD
GL/GLPRT2.DBL,GLTIX.FD
GL/GLPRT2.DBL,SYSTEM.FD
GL/GLT1.DBL,DFDATA.FD
GL/GLT1.DBL,EQPMF.FDC
GL/GLT1.DBL,GLAMS.FDC
GL/GLT1.DBL,GLWRK.FDC
GL/GLT1.DBL,JOBMF.FDC
GL/GLT1.DBL,SYSTEM.FD
GL/GLT1.DBL,UNTMF.FDC
GL/GLT2.DBL,DFDATA.FD
GL/GLT2.DBL,GLWRK.FDC
GL/GLT2.DBL,JOBTF.FD
GL/GLT2.DBL,SYSTEM.FD
GL/GLT2.DBL,UNTTF.FD
GL/GLT3.DBL,SYSTEM.FD
GL/GLT4.DBL,DFDATA.FD
GL/GLT4.DBL,GLWRK.FDC
GL/GLT4.DBL,SYSTEM.FD
GL/GLTBAL.DBL,DFDATA.FD
GL/GLTBAL.DBL,GLAIX.FD
GL/GLTBAL.DBL,GLAMS.FD
GL/GLTBAL.DBL,SYSTEM.FD
GL/GLTBAL.DBL,YTDGL.FD
GL/GLTDSP.DBL,DFDATA.FD
GL/GLTDSP.DBL,GLAIX.FD
GL/GLTDSP.DBL,GLAMS.FD
GL/GLTDSP.DBL,GLWRK.FD
GL/GLTDSP.DBL,SYSTEM.FD
GL/GLTEDT.DBL,DFDATA.FD
GL/GLTEDT.DBL,GLAIX.FD
GL/GLTEDT.DBL,GLAMS.FD
GL/GLTEDT.DBL,GLWRK.FD
GL/GLTEDT.DBL,SYSTEM.FD
GL/GLTINQ.DBL,DFDATA.FD
GL/GLTINQ.DBL,GLAIX.FD
GL/GLTINQ.DBL,GLAMS.FD
GL/GLTINQ.DBL,SYSTEM.FD
GL/GLTINQ.DBL,YTDGL.FD
GL/GLTREG.DBL,DFDATA.FD
GL/GLTREG.DBL,GLAIX.FD
GL/GLTREG.DBL,GLAMS.FD
GL/GLTREG.DBL,GLWRK.FD
GL/GLTREG.DBL,SYSTEM.FD
GL/GLTRX.DBL,DFDATA.FD
GL/GLTRX.DBL,EQPMF.FDC
GL/GLTRX.DBL,EQPTF.FD
GL/GLTRX.DBL,GLAIX.FDC
GL/GLTRX.DBL,GLAMS.FDC
GL/GLTRX.DBL,GLWRK.FDC
GL/GLTRX.DBL,JOBMF.FDC
GL/GLTRX.DBL,JOBTF.FD
GL/GLTRX.DBL,SYSTEM.FD
GL/GLTRX.DBL,UNTMF.FDC
GL/GLTRX.DBL,UNTTF.FD
GL/GLYREN.DBL,DFDATA.FD
GL/GLYREN.DBL,GLAIX.FD
GL/GLYREN.DBL,GLAMS.FD
GL/GLYREN.DBL,SYSTEM.FD
GL/GLYREN.DBL,YTDGL.FD
GL/INITCN.DBL,DFDATA.FD
GL/INITCN.DBL,SYSTEM.FD
GL/INITGL.DBL,DFDATA.FD
GL/INITGL.DBL,SYSTEM.FD
GL/INTSCH.DBL,DFDATA.FD
GL/INTSCH.DBL,SYSTEM.FD
GL/MISGL.DBL,DFDATA.FD
GL/MISGL.DBL,SYSTEM.FD
GL/ORGATW.DBL,ATWRK.FD
GL/ORGATW.DBL,DFDATA.FD
GL/ORGATW.DBL,SYSTEM.FD
GL/ORGGLM.DBL,DFDATA.FD
GL/ORGGLM.DBL,GLAIX.FD
GL/ORGGLM.DBL,GLAMS.FD
GL/ORGGLM.DBL,SYSTEM.FD
GL/PFCMNT.DBL,DFDATA.FD
GL/PFCMNT.DBL,GLPFC.FD
GL/PFCMNT.DBL,SYSTEM.FD
GL/PFCPRT.DBL,DFDATA.FD
GL/PFCPRT.DBL,GLPFC.FD
GL/PFCPRT.DBL,SYSTEM.FD
GL/PNLBAL.DBL,COFILE.FD
GL/PNLBAL.DBL,DFDATA.FD
GL/PNLBAL.DBL,GLAIX.FD
GL/PNLBAL.DBL,GLAMS.FD
GL/PNLBAL.DBL,SYSTEM.FD
GL/PNLBAL.DBL,TGLIX.FD
GL/PNLBAL.DBL,TMPFL.FD
GL/PNLBAL.DBL,YTDGL.FD
GL/PNLBAL.DBL,YTDIX.FD
GL/PNLBL2.DBL,COFILE.FD
GL/PNLBL2.DBL,DFDATA.FD
GL/PNLBL2.DBL,GLAIX.FD
GL/PNLBL2.DBL,GLAMS.FD
GL/PNLBL2.DBL,SYSTEM.FD
GL/PNLBL2.DBL,TGLIX.FD
GL/PNLBL2.DBL,TMPFL.FD
GL/PNLBL2.DBL,YTDGL.FD
GL/PNLBL2.DBL,YTDIX.FD
GL/PNLBL3.DBL,COFILE.FD
GL/PNLBL3.DBL,DFDATA.FD
GL/PNLBL3.DBL,GLAIX.FD
GL/PNLBL3.DBL,GLAMS.FD
GL/PNLBL3.DBL,GLT1F.FD
GL/PNLBL3.DBL,SYSTEM.FD
GL/PNLBL3.DBL,YTD1F.FD
GL/PNLBL3.DBL,YTDGL.FD
GL/PNLBL3.DBL,YTDIX.FD
GL/PNLBL4.DBL,COFILE.FD
GL/PNLBL4.DBL,DFDATA.FD
GL/PNLBL4.DBL,GLAIX.FD
GL/PNLBL4.DBL,GLAMS.FD
GL/PNLBL4.DBL,SYSTEM.FD
GL/PNLBL4.DBL,TGLIX.FD
GL/PNLBL4.DBL,TMPFL.FD
GL/PNLBL4.DBL,YTDGL.FD
GL/PNLBL4.DBL,YTDIX.FD
GL/PRLS3A.DBL,DFDATA.FD
GL/PRLS3A.DBL,GLAMS.FD
GL/PRLS3A.DBL,GLPFC.FD
GL/PRLS3A.DBL,GLT1F.FD
GL/PRLS3A.DBL,SYSTEM.FD
GL/PRLS3A.DBL,YTD1F.FD
GL/PRLS3A.DBL,YTDIX.FD
GL/PROLOS.DBL,DFDATA.FD
GL/PROLOS.DBL,GLAMS.FD
GL/PROLOS.DBL,GLPFC.FD
GL/PROLOS.DBL,SYSTEM.FD
GL/PROLOS.DBL,TMPFL.FD
GL/PROLOS.DBL,YTDGL.FD
GL/PROLOS.DBL,YTDIX.FD
GL/PROLS2.DBL,DFDATA.FD
GL/PROLS2.DBL,GLAMS.FD
GL/PROLS2.DBL,GLPFC.FD
GL/PROLS2.DBL,SYSTEM.FD
GL/PROLS2.DBL,TMPFL.FD
GL/PROLS2.DBL,YTDGL.FD
GL/PROLS2.DBL,YTDIX.FD
GL/PROLS3.DBL,DFDATA.FD
GL/PROLS3.DBL,GLAMS.FD
GL/PROLS3.DBL,GLPFC.FD
GL/PROLS3.DBL,GLT1F.FD
GL/PROLS3.DBL,SYSTEM.FD
GL/PROLS3.DBL,YTD1F.FD
GL/PROLS3.DBL,YTDIX.FD
GL/PROLS4.DBL,DFDATA.FD
GL/PROLS4.DBL,GLAMS.FD
GL/PROLS4.DBL,GLPFC.FD
GL/PROLS4.DBL,SYSTEM.FD
GL/PROLS4.DBL,TMPFL.FD
GL/PROLS4.DBL,YTDGL.FD
GL/PROLS4.DBL,YTDIX.FD
GL/PSTAUT.DBL,ATWRK.FD
GL/PSTAUT.DBL,DFDATA.FD
GL/PSTAUT.DBL,GLWRK.FD
GL/PSTAUT.DBL,SYSTEM.FD
GL/PSTGLT.DBL,DFDATA.FD
GL/PSTGLT.DBL,GLWRK.FD
GL/PSTGLT.DBL,SYSTEM.FD
GL/PSTGLT.DBL,YTDGL.FD
GL/SCCLR2.DBL,DFDATA.FD
GL/SCCLR2.DBL,GLAMS.FD
GL/SCCLR2.DBL,SYSTEM.FD
GL/SCCLR2.DBL,TMPFL.FD
GL/SCCLR3.DBL,DFDATA.FD
GL/SCCLR3.DBL,GLAMS.FD
GL/SCCLR3.DBL,GLT1F.FD
GL/SCCLR3.DBL,SYSTEM.FD
GL/SCHB3A.DBL,DFDATA.FD
GL/SCHB3A.DBL,GLAMS.FD
GL/SCHB3A.DBL,GLPFC.FD
GL/SCHB3A.DBL,GLT1F.FD
GL/SCHB3A.DBL,SYSTEM.FD
GL/SCHB3A.DBL,TGLIX.FD
GL/SCHB3A.DBL,YTD1F.FD
GL/SCHCLR.DBL,DFDATA.FD
GL/SCHCLR.DBL,GLAMS.FD
GL/SCHCLR.DBL,SYSTEM.FD
GL/SCHCLR.DBL,TMPFL.FD
GL/SCHCNT.DBL,DFDATA.FD
GL/SCHCNT.DBL,GLSCH.FD
GL/SCHCNT.DBL,SYSTEM.FD
GL/SCHDB3.DBL,DFDATA.FD
GL/SCHDB3.DBL,GLAMS.FD
GL/SCHDB3.DBL,GLPFC.FD
GL/SCHDB3.DBL,GLT1F.FD
GL/SCHDB3.DBL,SYSTEM.FD
GL/SCHDB3.DBL,TGLIX.FD
GL/SCHDB3.DBL,YTD1F.FD
GL/SCHDLB.DBL,DFDATA.FD
GL/SCHDLB.DBL,GLAMS.FD
GL/SCHDLB.DBL,GLPFC.FD
GL/SCHDLB.DBL,SYSTEM.FD
GL/SCHDLB.DBL,TGLIX.FD
GL/SCHDLB.DBL,TMPFL.FD
GL/SCHDLB.DBL,YTDGL.FD
GL/SCHDLP.DBL,DFDATA.FD
GL/SCHDLP.DBL,GLAMS.FD
GL/SCHDLP.DBL,GLPFC.FD
GL/SCHDLP.DBL,SYSTEM.FD
GL/SCHDLP.DBL,TGLIX.FD
GL/SCHDLP.DBL,TMPFL.FD
GL/SCHDLP.DBL,YTDGL.FD
GL/SCHDP2.DBL,DFDATA.FD
GL/SCHDP2.DBL,GLAMS.FD
GL/SCHDP2.DBL,GLPFC.FD
GL/SCHDP2.DBL,SYSTEM.FD
GL/SCHDP2.DBL,TGLIX.FD
GL/SCHDP2.DBL,TMPFL.FD
GL/SCHDP2.DBL,YTDGL.FD
GL/SCHDP3.DBL,DFDATA.FD
GL/SCHDP3.DBL,GLAMS.FD
GL/SCHDP3.DBL,GLPFC.FD
GL/SCHDP3.DBL,GLT1F.FD
GL/SCHDP3.DBL,SYSTEM.FD
GL/SCHDP3.DBL,TGLIX.FD
GL/SCHDP3.DBL,YTD1F.FD
GL/SCHLST.DBL,DFDATA.FD
GL/SCHLST.DBL,GLAIX.FD
GL/SCHLST.DBL,GLAMS.FD
GL/SCHLST.DBL,GLSCH.FD
GL/SCHLST.DBL,SYSTEM.FD
GL/SCHMNT.DBL,DFDATA.FD
GL/SCHMNT.DBL,GLAIX.FD
GL/SCHMNT.DBL,GLAMS.FD
GL/SCHMNT.DBL,GLSCH.FD
GL/SCHMNT.DBL,SYSTEM.FD
GL/SCHMOV.DBL,DFDATA.FD
GL/SCHMOV.DBL,GLAIX.FD
GL/SCHMOV.DBL,GLAMS.FD
GL/SCHMOV.DBL,GLSCH.FD
GL/SCHMOV.DBL,SYSTEM.FD
GL/SCHMOV.DBL,TGLIX.FD
GL/SCHMOV.DBL,TMPFL.FD
GL/SCHMOV.DBL,YTDGL.FD
GL/SCHORG.DBL,DFDATA.FD
GL/SCHORG.DBL,GLSCH.FD
GL/SCHORG.DBL,SYSTEM.FD
GL/SCHP3A.DBL,DFDATA.FD
GL/SCHP3A.DBL,GLAMS.FD
GL/SCHP3A.DBL,GLPFC.FD
GL/SCHP3A.DBL,GLT1F.FD
GL/SCHP3A.DBL,SYSTEM.FD
GL/SCHP3A.DBL,TGLIX.FD
GL/SCHP3A.DBL,YTD1F.FD
GL/SCMOV2.DBL,DFDATA.FD
GL/SCMOV2.DBL,GLAIX.FD
GL/SCMOV2.DBL,GLAMS.FD
GL/SCMOV2.DBL,GLSCH.FD
GL/SCMOV2.DBL,SYSTEM.FD
GL/SCMOV2.DBL,TGLIX.FD
GL/SCMOV2.DBL,TMPFL.FD
GL/SCMOV2.DBL,YTDGL.FD
GL/SCMOV3.DBL,DFDATA.FD
GL/SCMOV3.DBL,GLAIX.FD
GL/SCMOV3.DBL,GLAMS.FD
GL/SCMOV3.DBL,GLSCH.FD
GL/SCMOV3.DBL,GLT1F.FD
GL/SCMOV3.DBL,SYSTEM.FD
GL/SCMOV3.DBL,TGLIX.FD
GL/SCMOV3.DBL,YTD1F.FD
GL/SOURCE.DBL,DFDATA.FD
GL/SOURCE.DBL,SRCIX.FD
GL/SOURCE.DBL,SYSTEM.FD
GL/SOURCE.DBL,YTDGL.FD
GL/SRATIO.DBL,DFDATA.FD
GL/SRATIO.DBL,GLAMS.FD
GL/SRATIO.DBL,SYSTEM.FD
GL/SRATIO.DBL,TMPFL.FD
GL/SRATIO.DBL,YTDGL.FD
GL/SRATIO.DBL,YTDIX.FD
GL/SRATO2.DBL,DFDATA.FD
GL/SRATO2.DBL,GLAMS.FD
GL/SRATO2.DBL,SYSTEM.FD
GL/SRATO2.DBL,TMPFL.FD
GL/SRATO2.DBL,YTDGL.FD
GL/SRATO2.DBL,YTDIX.FD
GL/SRATO3.DBL,DFDATA.FD
GL/SRATO3.DBL,GLAMS.FD
GL/SRATO3.DBL,GLT1F.FD
GL/SRATO3.DBL,SYSTEM.FD
GL/SRATO3.DBL,YTD1F.FD
GL/SRATO3.DBL,YTDIX.FD
GL/SRCREF.DBL,DFDATA.FD
GL/SRCREF.DBL,GLAIX.FD
GL/SRCREF.DBL,GLAMS.FD
GL/SRCREF.DBL,SRCIX.FD
GL/SRCREF.DBL,SYSTEM.FD
GL/SRCREF.DBL,YTDGL.FD
GL/SRTYTD.DBL,DFDATA.FD
GL/SRTYTD.DBL,SYSTEM.FD
GL/SRTYTD.DBL,YTDGL.FD
GL/TRXDEL.DBL,DFDATA.FD
GL/TRXDEL.DBL,SYSTEM.FD
GL/TRXDEL.DBL,YTDGL.FD
GL/TRXOUT.DBL,DFDATA.FD
GL/TRXOUT.DBL,GLWRK.FD
GL/TRXOUT.DBL,SYSTEM.FD
GL/TRXOUT.DBL,YTDGL.FD
GL/UNPPL3.DBL,DFDATA.FD
GL/UNPPL3.DBL,SYSTEM.FD
GL/UNPRPL.DBL,DFDATA.FD
GL/UNPRPL.DBL,SYSTEM.FD
GL/UNPYTD.DBL,DFDATA.FD
GL/UNPYTD.DBL,SYSTEM.FD
GL/YTDCNT.DBL,DFDATA.FD
GL/YTDCNT.DBL,SYSTEM.FD
GL/YTDDAT.DBL,DFDATA.FD
GL/YTDDAT.DBL,GLAIX.FD
GL/YTDDAT.DBL,GLAMS.FD
GL/YTDDAT.DBL,SYSTEM.FD
GL/YTDDAT.DBL,YTDGL.FD
GL/YTDSRT.DBL,DFDATA.FD
GL/YTDSRT.DBL,SYSTEM.FD
PR/HISCHG.DBL,DFDATA.FD
PR/HISCHG.DBL,PA20.FD
PR/HISCHG.DBL,PB05.FD
PR/HISCHG.DBL,PF40.FD
PR/HISCHG.DBL,SYSTEM.FD
PR/HISCNT.DBL,DFDATA.FD
PR/HISCNT.DBL,SYSTEM.FD
PR/HISDEL.DBL,DFDATA.FD
PR/HISDEL.DBL,PA20.FD
PR/HISDEL.DBL,PB05.FD
PR/HISDEL.DBL,PF40.FD
PR/HISDEL.DBL,SYSTEM.FD
PR/HISMAN.DBL,DFDATA.FD
PR/HISMAN.DBL,PA20.FD
PR/HISMAN.DBL,PB05.FD
PR/HISMAN.DBL,PF40.FD
PR/HISMAN.DBL,SYSTEM.FD
PR/HISMNT.DBL,DFDATA.FD
PR/HISMNT.DBL,SYSTEM.FD
PR/HISORG.DBL,DFDATA.FD
PR/HISORG.DBL,PF40.FD
PR/HISORG.DBL,SYSTEM.FD
PR/HISSRT.DBL,DFDATA.FD
PR/HISSRT.DBL,PF40.FD
PR/HISSRT.DBL,SYSTEM.FD
PR/HS1CVT.DBL,DFDATA.FD
PR/HS1CVT.DBL,SYSTEM.FD
PR/HSTCVT.DBL,DFDATA.FD
PR/HSTCVT.DBL,SYSTEM.FD
PR/PA050.DBL,DFDATA.FD
PR/PA050.DBL,PA20.FD
PR/PA050.DBL,PB05.FD
PR/PA050.DBL,SYSTEM.FD
PR/PA100.DBL,DFDATA.FD
PR/PA100.DBL,PA20.FDC
PR/PA100.DBL,SYSTEM.FD
PR/PA101.DBL,PA20.FDC
PR/PA102.DBL,PA20.FDC
PR/PA103.DBL,PA20.FDC
PR/PA105.DBL,PA20.FDC
PR/PA106.DBL,PA20.FDC
PR/PA200.DBL,DFDATA.FD
PR/PA200.DBL,PA20.FDC
PR/PA200.DBL,PB05.FDC
PR/PA200.DBL,PB10.FD
PR/PA200.DBL,PK30.FDC
PR/PA200.DBL,SYSTEM.FD
PR/PA201.DBL,PA20.FDC
PR/PA201.DBL,PB05.FDC
PR/PA202.DBL,PB05.FDC
PR/PA203.DBL,PA20.FDC
PR/PA203.DBL,PB05.FDC
PR/PA203.DBL,PK30.FDC
PR/PA204.DBL,PA20.FDC
PR/PA204.DBL,PB05.FDC
PR/PA204.DBL,PK30.FDC
PR/PA205.DBL,PA20.FDC
PR/PA205.DBL,PB05.FDC
PR/PA205.DBL,PK30.FDC
PR/PA206.DBL,PA20.FDC
PR/PA206.DBL,PB05.FDC
PR/PA206.DBL,PK30.FDC
PR/PA207.DBL,PA20.FDC
PR/PA207.DBL,PB05.FDC
PR/PA207.DBL,PK30.FDC
PR/PA208.DBL,PA20.FDC
PR/PA208.DBL,PB05.FDC
PR/PA209.DBL,PB05.FDC
PR/PA300.DBL,DFDATA.FD
PR/PA300.DBL,SYSTEM.FD
PR/PAYFIX.DBL,DFDATA.FD
PR/PAYFIX.DBL,PB05.FDC
PR/PAYFIX.DBL,SYSTEM.FD
PR/PAYISM.DBL,DFDATA.FD
PR/PAYISM.DBL,SYSTEM.FD
PR/PB050.DBL,SYSTEM.FD
PR/PB100.DBL,DFDATA.FD
PR/PB100.DBL,PA20.FDC
PR/PB100.DBL,PB05.FDC
PR/PB100.DBL,PB10.FD
PR/PB100.DBL,PK30.FDC
PR/PB100.DBL,SYSTEM.FD
PR/PB101.DBL,PA20.FDC
PR/PB101.DBL,PB05.FDC
PR/PB102.DBL,PB05.FDC
PR/PB103.DBL,PA20.FDC
PR/PB103.DBL,PB05.FDC
PR/PB103.DBL,PK30.FDC
PR/PB104.DBL,PA20.FDC
PR/PB104.DBL,PB05.FDC
PR/PB104.DBL,PK30.FDC
PR/PB105.DBL,PA20.FDC
PR/PB105.DBL,PB05.FDC
PR/PB105.DBL,PK30.FDC
PR/PB106.DBL,PA20.FDC
PR/PB106.DBL,PB05.FDC
PR/PB106.DBL,PK30.FDC
PR/PB107.DBL,PA20.FDC
PR/PB107.DBL,PB05.FDC
PR/PB107.DBL,PK30.FDC
PR/PB108.DBL,PA20.FDC
PR/PB108.DBL,PB05.FDC
PR/PB10A.DBL,PA20.FDC
PR/PB10B.DBL,PB05.FDC
PR/PB120.DBL,DFDATA.FD
PR/PB120.DBL,PA20.FDC
PR/PB120.DBL,PB05.FDC
PR/PB120.DBL,PB10.FD
PR/PB120.DBL,PK30.FDC
PR/PB120.DBL,SYSTEM.FD
PR/PB121.DBL,PA20.FDC
PR/PB121.DBL,PB05.FDC
PR/PB122.DBL,PB05.FDC
PR/PB123.DBL,PA20.FDC
PR/PB123.DBL,PB05.FDC
PR/PB123.DBL,PK30.FDC
PR/PB124.DBL,PA20.FDC
PR/PB124.DBL,PB05.FDC
PR/PB124.DBL,PK30.FDC
PR/PB125.DBL,PA20.FDC
PR/PB125.DBL,PB05.FDC
PR/PB125.DBL,PK30.FDC
PR/PB126.DBL,PA20.FDC
PR/PB126.DBL,PB05.FDC
PR/PB126.DBL,PK30.FDC
PR/PB127.DBL,PA20.FDC
PR/PB127.DBL,PB05.FDC
PR/PB127.DBL,PK30.FDC
PR/PB129.DBL,PA20.FDC
PR/PB129.DBL,PB05.FDC
PR/PB129.DBL,PK30.FDC
PR/PB12A.DBL,PB05.FDC
PR/PB12A.DBL,PB15.FD
PR/PB150.DBL,DFDATA.FD
PR/PB150.DBL,PA20.FDC
PR/PB150.DBL,PB05.FD
PR/PB150.DBL,PK30.FDC
PR/PB150.DBL,SYSTEM.FD
PR/PB151.DBL,PA20.FDC
PR/PB200.DBL,DFDATA.FD
PR/PB200.DBL,PB10.FD
PR/PB200.DBL,SYSTEM.FD
PR/PB250.DBL,DFDATA.FD
PR/PB250.DBL,PB15.FD
PR/PB250.DBL,SYSTEM.FD
PR/PB5CVT.DBL,DFDATA.FD
PR/PB5CVT.DBL,SYSTEM.FD
PR/PC030.DBL,DFDATA.FD
PR/PC030.DBL,PB05.FD
PR/PC030.DBL,PC05.FD
PR/PC030.DBL,SYSTEM.FD
PR/PC100.DBL,DFDATA.FD
PR/PC100.DBL,PB05.FD
PR/PC100.DBL,PC05.FD
PR/PC100.DBL,SYSTEM.FD
PR/PC150.DBL,DFDATA.FD
PR/PC150.DBL,PB05.FD
PR/PC150.DBL,SYSTEM.FD
PR/PC155.DBL,DFDATA.FD
PR/PC155.DBL,PB05.FD
PR/PC155.DBL,SYSTEM.FD
PR/PC250.DBL,DFDATA.FD
PR/PC250.DBL,PB05.FD
PR/PC250.DBL,SYSTEM.FD
PR/PC300.DBL,DFDATA.FD
PR/PC300.DBL,PB05.FD
PR/PC300.DBL,SYSTEM.FD
PR/PC350.DBL,DFDATA.FD
PR/PC350.DBL,PA20.FD
PR/PC350.DBL,SYSTEM.FD
PR/PC400.DBL,DFDATA.FD
PR/PC400.DBL,PA20.FD
PR/PC400.DBL,SYSTEM.FD
PR/PC750.DBL,DFDATA.FD
PR/PC750.DBL,PB05.FD
PR/PC750.DBL,SYSTEM.FD
PR/PC800.DBL,DFDATA.FD
PR/PC800.DBL,PB05.FD
PR/PC800.DBL,SYSTEM.FD
PR/PC820.DBL,DFDATA.FD
PR/PC820.DBL,PB05.FD
PR/PC820.DBL,SYSTEM.FD
PR/PC840.DBL,DFDATA.FD
PR/PC840.DBL,SYSTEM.FD
PR/PC850.DBL,DFDATA.FD
PR/PC850.DBL,PA20.FD
PR/PC850.DBL,PB05.FD
PR/PC850.DBL,PH10.FD
PR/PC850.DBL,PH11.FD
PR/PC850.DBL,PK500.FDC
PR/PC850.DBL,SYSTEM.FD
PR/PC851.DBL,DFDATA.FD
PR/PC851.DBL,PB05.FD
PR/PC851.DBL,PK500.FDC
PR/PC851.DBL,SYSTEM.FD
PR/PC852.DBL,DFDATA.FD
PR/PC852.DBL,PB05.FD
PR/PC852.DBL,PRELG.FD
PR/PC852.DBL,SYSTEM.FD
PR/PC853.DBL,DFDATA.FD
PR/PC853.DBL,PB05.FD
PR/PC853.DBL,PRELG.FD
PR/PC853.DBL,SYSTEM.FD
PR/PC855.DBL,DFDATA.FD
PR/PC855.DBL,PA20.FD
PR/PC855.DBL,PB05.FD
PR/PC855.DBL,PK30.FDC
PR/PC855.DBL,PK500.FDC
PR/PC855.DBL,PTR10.FD
PR/PC855.DBL,SYSTEM.FD
PR/PC856.DBL,DFDATA.FD
PR/PC856.DBL,PB05.FD
PR/PC856.DBL,PTCON.FD
PR/PC856.DBL,SYSTEM.FD
PR/PC870.DBL,DFDATA.FD
PR/PC870.DBL,SYSTEM.FD
PR/PC900.DBL,DFDATA.FD
PR/PC900.DBL,PA20.FDC
PR/PC900.DBL,PB05.FDC
PR/PC900.DBL,SYSTEM.FD
PR/PC910.DBL,PA20.FDC
PR/PC910.DBL,PB05.FDC
PR/PD050.DBL,DFDATA.FD
PR/PD050.DBL,PA20.FD
PR/PD050.DBL,SYSTEM.FD
PR/PD100.DBL,DFDATA.FD
PR/PD100.DBL,JOBMF.FD
PR/PD100.DBL,PA20.FDC
PR/PD100.DBL,PB05.FDC
PR/PD100.DBL,PD05.FDC
PR/PD100.DBL,SYSTEM.FD
PR/PD101.DBL,JOBMF.FD
PR/PD101.DBL,PA20.FDC
PR/PD101.DBL,PB05.FDC
PR/PD101.DBL,PD05.FDC
PR/PD102.DBL,JOBMF.FD
PR/PD102.DBL,PA20.FDC
PR/PD102.DBL,PB05.FDC
PR/PD102.DBL,PD05.FDC
PR/PD120.DBL,DFDATA.FD
PR/PD120.DBL,PA20.FDC
PR/PD120.DBL,PB05.FDC
PR/PD120.DBL,PD05.FDC
PR/PD120.DBL,SYSTEM.FD
PR/PD121.DBL,PA20.FDC
PR/PD121.DBL,PB05.FDC
PR/PD121.DBL,PD05.FDC
PR/PD121.DBL,SYSTEM.FD
PR/PD122.DBL,PA20.FDC
PR/PD122.DBL,PB05.FDC
PR/PD122.DBL,PD05.FDC
PR/PD122.DBL,SYSTEM.FD
PR/PD150.DBL,DFDATA.FD
PR/PD150.DBL,PA20.FD
PR/PD150.DBL,PD05.FD
PR/PD150.DBL,PK30.FD
PR/PD150.DBL,SYSTEM.FD
PR/PD170.DBL,DFDATA.FD
PR/PD170.DBL,PA20.FD
PR/PD170.DBL,PD05.FD
PR/PD170.DBL,SYSTEM.FD
PR/PD175.DBL,DFDATA.FD
PR/PD175.DBL,PA20.FD
PR/PD175.DBL,PD05.FD
PR/PD175.DBL,PK30.FD
PR/PD175.DBL,SYSTEM.FD
PR/PD200.DBL,DFDATA.FD
PR/PD200.DBL,PA20.FD
PR/PD200.DBL,PB05.FD
PR/PD200.DBL,PD05.FD
PR/PD200.DBL,SYSTEM.FD
PR/PD5CVT.DBL,DFDATA.FD
PR/PD5CVT.DBL,SYSTEM.FD
PR/PE050.DBL,DFDATA.FD
PR/PE050.DBL,PA20.FD
PR/PE050.DBL,SYSTEM.FD
PR/PE150.DBL,DFDATA.FD
PR/PE150.DBL,PA20.FDC
PR/PE150.DBL,PB05.FDC
PR/PE150.DBL,PD05.FDC
PR/PE150.DBL,PK30.FDC
PR/PE150.DBL,PK500.FDC
PR/PE150.DBL,SYSTEM.FD
PR/PE151.DBL,PA20.FDC
PR/PE151.DBL,PB05.FDC
PR/PE151.DBL,PD05.FDC
PR/PE151.DBL,PK30.FDC
PR/PE151.DBL,PK500.FDC
PR/PE152.DBL,PA20.FDC
PR/PE152.DBL,PB05.FDC
PR/PE152.DBL,PD05.FDC
PR/PE153.DBL,DFDATA.FD
PR/PE153.DBL,PA20.FDC
PR/PE153.DBL,PB05.FDC
PR/PE153.DBL,PD05.FDC
PR/PE153.DBL,PK30.FDC
PR/PE153.DBL,SYSTEM.FD
PR/PE154.DBL,PA20.FDC
PR/PE154.DBL,PB05.FDC
PR/PE154.DBL,PD05.FDC
PR/PE155.DBL,PE08.FD
PR/PE15A.DBL,PA20.FDC
PR/PE15A.DBL,PB05.FDC
PR/PE15A.DBL,PD05.FDC
PR/PE15A.DBL,SYSTEM.FD
PR/PE15B.DBL,PA20.FDC
PR/PE15B.DBL,PB05.FDC
PR/PE15B.DBL,PD05.FDC
PR/PE15B.DBL,SYSTEM.FD
PR/PE15C.DBL,PA20.FDC
PR/PE15C.DBL,PB05.FDC
PR/PE15C.DBL,PD05.FDC
PR/PE15C.DBL,SYSTEM.FD
PR/PE15D.DBL,PA20.FDC
PR/PE15D.DBL,PB05.FDC
PR/PE15D.DBL,PD05.FDC
PR/PE15D.DBL,SYSTEM.FD
PR/PE15E.DBL,PA20.FDC
PR/PE15E.DBL,PB05.FDC
PR/PE15E.DBL,PD05.FDC
PR/PE15F.DBL,PA20.FDC
PR/PE15F.DBL,PB05.FDC
PR/PE15F.DBL,PD05.FDC
PR/PE15F.DBL,SYSTEM.FD
PR/PE15G.DBL,PA20.FDC
PR/PE15G.DBL,PB05.FDC
PR/PE15G.DBL,PD05.FDC
PR/PE15G.DBL,SYSTEM.FD
PR/PE15H.DBL,PA20.FDC
PR/PE15H.DBL,PB05.FDC
PR/PE15H.DBL,PD05.FDC
PR/PE15H.DBL,SYSTEM.FD
PR/PE15I.DBL,PA20.FDC
PR/PE15I.DBL,PB05.FDC
PR/PE15I.DBL,PD05.FDC
PR/PE15I.DBL,SYSTEM.FD
PR/PE15J.DBL,PA20.FDC
PR/PE15J.DBL,PB05.FDC
PR/PE15J.DBL,PD05.FDC
PR/PE15J.DBL,SYSTEM.FD
PR/PE15K.DBL,PA20.FDC
PR/PE15K.DBL,PB05.FDC
PR/PE15K.DBL,PD05.FDC
PR/PE15L.DBL,PA20.FDC
PR/PE15L.DBL,PB05.FDC
PR/PE15L.DBL,PD05.FDC
PR/PE15L.DBL,SYSTEM.FD
PR/PE15M.DBL,PA20.FDC
PR/PE15M.DBL,PB05.FDC
PR/PE15M.DBL,PD05.FDC
PR/PE15M.DBL,SYSTEM.FD
PR/PE15N.DBL,PA20.FDC
PR/PE15N.DBL,PB05.FDC
PR/PE15N.DBL,PD05.FDC
PR/PE15N.DBL,SYSTEM.FD
PR/PE15O.DBL,PA20.FDC
PR/PE15O.DBL,PB05.FDC
PR/PE15O.DBL,PD05.FDC
PR/PE15O.DBL,SYSTEM.FD
PR/PE15P.DBL,PA20.FDC
PR/PE15P.DBL,PB05.FDC
PR/PE15P.DBL,PD05.FDC
PR/PE15P.DBL,SYSTEM.FD
PR/PE15Q.DBL,PA20.FDC
PR/PE15Q.DBL,PB05.FDC
PR/PE15Q.DBL,PD05.FDC
PR/PE15Q.DBL,SYSTEM.FD
PR/PE15R.DBL,PA20.FDC
PR/PE15R.DBL,PB05.FDC
PR/PE15R.DBL,PD05.FDC
PR/PE15R.DBL,SYSTEM.FD
PR/PE200.DBL,DFDATA.FD
PR/PE200.DBL,PA20.FD
PR/PE200.DBL,PD05.FD
PR/PE200.DBL,PK30.FD
PR/PE200.DBL,SYSTEM.FD
PR/PE220.DBL,DFDATA.FD
PR/PE220.DBL,PA20.FD
PR/PE220.DBL,PD05.FD
PR/PE220.DBL,SYSTEM.FD
PR/PE250.DBL,DFDATA.FD
PR/PE250.DBL,PA20.FD
PR/PE250.DBL,PC05.FD
PR/PE250.DBL,PD05.FD
PR/PE250.DBL,SYSTEM.FD
PR/PE300.DBL,DFDATA.FD
PR/PE300.DBL,PA20.FD
PR/PE300.DBL,PD05.FD
PR/PE300.DBL,SYSTEM.FD
PR/PE350.DBL,DFDATA.FD
PR/PE350.DBL,PE08.FD
PR/PE350.DBL,SYSTEM.FD
PR/PF030.DBL,DFDATA.FD
PR/PF030.DBL,JOBTF.FD
PR/PF030.DBL,PA20.FD
PR/PF030.DBL,PB05.FD
PR/PF030.DBL,PD05.FD
PR/PF030.DBL,PF83.FD
PR/PF030.DBL,PK30.FD
PR/PF030.DBL,PK500.FDC
PR/PF030.DBL,SYSTEM.FD
PR/PF150.DBL,DFDATA.FD
PR/PF150.DBL,PA20.FD
PR/PF150.DBL,PB05.FD
PR/PF150.DBL,PD05.FD
PR/PF150.DBL,SYSTEM.FD
PR/PF151.DBL,DFDATA.FD
PR/PF151.DBL,PD05.FD
PR/PF151.DBL,PE35.FD
PR/PF151.DBL,SYSTEM.FD
PR/PF152.DBL,DFDATA.FD
PR/PF152.DBL,JOBTF.FD
PR/PF152.DBL,PA20.FD
PR/PF152.DBL,SYSTEM.FD
PR/PF250.DBL,DFDATA.FD
PR/PF250.DBL,PA20.FD
PR/PF250.DBL,PD05.FD
PR/PF250.DBL,SYSTEM.FD
PR/PF300.DBL,DFDATA.FD
PR/PF300.DBL,PA20.FD
PR/PF300.DBL,PB05.FD
PR/PF300.DBL,PD05.FD
PR/PF300.DBL,PF20.FD
PR/PF300.DBL,SYSTEM.FD
PR/PF310.DBL,DFDATA.FD
PR/PF310.DBL,SYSTEM.FD
PR/PF340.DBL,DFDATA.FD
PR/PF340.DBL,GLINT.FD
PR/PF340.DBL,PA20.FD
PR/PF340.DBL,PF20.FD
PR/PF340.DBL,SYSTEM.FD
PR/PF350.DBL,DFDATA.FD
PR/PF350.DBL,PA20.FD
PR/PF350.DBL,PF20.FD
PR/PF350.DBL,SYSTEM.FD
PR/PF360.DBL,DFDATA.FD
PR/PF360.DBL,PD05.FD
PR/PF360.DBL,PF50.FD
PR/PF360.DBL,SYSTEM.FD
PR/PF390.DBL,DFDATA.FD
PR/PF390.DBL,PA20.FD
PR/PF390.DBL,PB05.FD
PR/PF390.DBL,PF20.FD
PR/PF390.DBL,PK500.FDC
PR/PF390.DBL,SYSTEM.FD
PR/PF400.DBL,DFDATA.FD
PR/PF400.DBL,PF50.FD
PR/PF400.DBL,SYSTEM.FD
PR/PF450.DBL,DFDATA.FD
PR/PF450.DBL,PA20.FD
PR/PF450.DBL,PB05.FD
PR/PF450.DBL,PD05.FD
PR/PF450.DBL,PF40.FD
PR/PF450.DBL,SYSTEM.FD
PR/PF500.DBL,CRTWK.FD
PR/PF500.DBL,DFDATA.FD
PR/PF500.DBL,JOBDF.FD
PR/PF500.DBL,PA20.FD
PR/PF500.DBL,PB05.FD
PR/PF500.DBL,PD05.FD
PR/PF500.DBL,SYSTEM.FD
PR/PF550.DBL,DFDATA.FD
PR/PF550.DBL,PF83.FD
PR/PF550.DBL,SYSTEM.FD
PR/PF600.DBL,DFDATA.FD
PR/PF600.DBL,PA20.FD
PR/PF600.DBL,PB05.FD
PR/PF600.DBL,PD05.FD
PR/PF600.DBL,PF83.FD
PR/PF600.DBL,SYSTEM.FD
PR/PF612.DBL,DFDATA.FD
PR/PF612.DBL,PA20.FD
PR/PF612.DBL,SYSTEM.FD
PR/PF614.DBL,DFDATA.FD
PR/PF614.DBL,GLIFL.FD
PR/PF614.DBL,SYSTEM.FD
PR/PF616.DBL,DFDATA.FD
PR/PF616.DBL,PA20.FD
PR/PF616.DBL,SYSTEM.FD
PR/PF620.DBL,COFILE.FD
PR/PF620.DBL,DFDATA.FD
PR/PF620.DBL,JOBAF.FD
PR/PF620.DBL,JOBDF.FD
PR/PF620.DBL,JOBTF.FD
PR/PF620.DBL,PA20.FD
PR/PF620.DBL,PD05.FD
PR/PF620.DBL,SYSTEM.FD
PR/PF650.DBL,DFDATA.FD
PR/PF650.DBL,PD05.FD
PR/PF650.DBL,SYSTEM.FD
PR/PG050.DBL,SYSTEM.FD
PR/PG100.DBL,DFDATA.FD
PR/PG100.DBL,PA20.FD
PR/PG100.DBL,PB05.FDC
PR/PG100.DBL,PD05.FDC
PR/PG100.DBL,SYSTEM.FD
PR/PG101.DBL,PB05.FDC
PR/PG101.DBL,PD05.FDC
PR/PG102.DBL,PB05.FDC
PR/PG102.DBL,PD05.FDC
PR/PG104.DBL,PB05.FDC
PR/PG104.DBL,PD05.FDC
PR/PG150.DBL,DFDATA.FD
PR/PG150.DBL,PA20.FD
PR/PG150.DBL,PD05.FD
PR/PG150.DBL,SYSTEM.FD
PR/PG175.DBL,DFDATA.FD
PR/PG175.DBL,PA20.FDC
PR/PG175.DBL,PD05.FD
PR/PG175.DBL,PD10.FDC
PR/PG175.DBL,SYSTEM.FD
PR/PG250.DBL,DFDATA.FD
PR/PG250.DBL,PA20.FD
PR/PG250.DBL,PB05.FD
PR/PG250.DBL,PD05.FD
PR/PG250.DBL,PF40.FD
PR/PG250.DBL,PK500.FDC
PR/PG250.DBL,SYSTEM.FD
PR/PG300.DBL,DFDATA.FD
PR/PG300.DBL,PD05.FD
PR/PG300.DBL,SYSTEM.FD
PR/PG5CVT.DBL,DFDATA.FD
PR/PG5CVT.DBL,SYSTEM.FD
PR/PH100.DBL,DFDATA.FD
PR/PH100.DBL,PA20.FD
PR/PH100.DBL,PB05.FD
PR/PH100.DBL,PH10.FD
PR/PH100.DBL,PK500.FDC
PR/PH100.DBL,SYSTEM.FD
PR/PH101.DBL,DFDATA.FD
PR/PH101.DBL,PA20.FD
PR/PH101.DBL,PB05.FD
PR/PH101.DBL,PH11.FD
PR/PH101.DBL,PK500.FDC
PR/PH101.DBL,SYSTEM.FD
PR/PH150.DBL,DFDATA.FD
PR/PH150.DBL,PB05.FD
PR/PH150.DBL,SYSTEM.FD
PR/PI100.DBL,DFDATA.FD
PR/PI100.DBL,PA20.FD
PR/PI100.DBL,PB05.FD
PR/PI100.DBL,PH10.FD
PR/PI100.DBL,PK500.FDC
PR/PI100.DBL,SYSTEM.FD
PR/PI150.DBL,DFDATA.FD
PR/PI150.DBL,PB05.FD
PR/PI150.DBL,SYSTEM.FD
PR/PI200.DBL,DFDATA.FD
PR/PI200.DBL,PA20.FD
PR/PI200.DBL,PB05.FD
PR/PI200.DBL,SYSTEM.FD
PR/PJ030.DBL,DFDATA.FD
PR/PJ030.DBL,SYSTEM.FD
PR/PJ100.DBL,DFDATA.FD
PR/PJ100.DBL,PA20.FD
PR/PJ100.DBL,PB05.FD
PR/PJ100.DBL,PF40.FD
PR/PJ100.DBL,SYSTEM.FD
PR/PJ150.DBL,DFDATA.FD
PR/PJ150.DBL,PA20.FD
PR/PJ150.DBL,PF40.FD
PR/PJ150.DBL,SYSTEM.FD
PR/PK050.DBL,DFDATA.FD
PR/PK050.DBL,SYSTEM.FD
PR/PK100.DBL,DFDATA.FD
PR/PK100.DBL,PA20.FD
PR/PK100.DBL,SYSTEM.FD
PR/PK150.DBL,DFDATA.FD
PR/PK150.DBL,PA20.FD
PR/PK150.DBL,SYSTEM.FD
PR/PK200.DBL,DFDATA.FD
PR/PK200.DBL,PA20.FD
PR/PK200.DBL,SYSTEM.FD
PR/PK250.DBL,DFDATA.FD
PR/PK250.DBL,PB05.FD
PR/PK250.DBL,SYSTEM.FD
PR/PK30.DBL,DFDATA.FD
PR/PK30.DBL,PK30.FD
PR/PK30.DBL,SYSTEM.FD
PR/PK300.DBL,DFDATA.FD
PR/PK300.DBL,PK30.FD
PR/PK300.DBL,SYSTEM.FD
PR/PK350.DBL,DFDATA.FD
PR/PK350.DBL,SYSTEM.FD
PR/PK500.DBL,DFDATA.FD
PR/PK500.DBL,PK500.FDC
PR/PK500.DBL,SYSTEM.FD
PR/PK510.DBL,DFDATA.FD
PR/PK510.DBL,PK500.FDC
PR/PK510.DBL,SYSTEM.FD
PR/PK51A.DBL,PK500.FDC
PR/PK550.DBL,DFDATA.FD
PR/PK550.DBL,PK500.FDC
PR/PK550.DBL,SYSTEM.FD
PR/PK55A.DBL,PK500.FDC
PR/PK570.DBL,DFDATA.FD
PR/PK570.DBL,PK500.FDC
PR/PK570.DBL,SYSTEM.FD
PR/PM100.DBL,DFDATA.FD
PR/PM100.DBL,PA20.FD
PR/PM100.DBL,PB05.FD
PR/PM100.DBL,PK500.FDC
PR/PM100.DBL,PM10.FD
PR/PM100.DBL,SYSTEM.FD
PR/PRBACK.DBL,COFILE.FD
PR/PRBACK.DBL,SYSTEM.FD
PR/PRBLDC.DBL,CMFILE.FD
PR/PRBLDC.DBL,DFDATA.FD
PR/PRBLDC.DBL,PTR10.FD
PR/PRBLDC.DBL,SYSTEM.FD
PR/PRCONS.DBL,CMFILE.FD
PR/PRCONS.DBL,DFDATA.FD
PR/PRCONS.DBL,PTR10.FD
PR/PRCONS.DBL,SYSTEM.FD
PR/PRI10.DBL,DFDATA.FD
PR/PRI10.DBL,SYSTEM.FD
PR/PRMENU.DBL,DFDATA.FD
PR/PRMENU.DBL,PA20.FD
PR/PRMENU.DBL,SYSTEM.FD
PR/PRMERG.DBL,CMFILE.FD
PR/PRMERG.DBL,DFDATA.FD
PR/PRMERG.DBL,PTCON.FD
PR/PRMERG.DBL,PTR10.FD
PR/PRMERG.DBL,SYSTEM.FD
PR/PRMSRT.DBL,DFDATA.FD
PR/PRMSRT.DBL,PTCON.FD
PR/PRMSRT.DBL,SYSTEM.FD
PR/PRREST.DBL,COFILE.FD
PR/PRREST.DBL,SYSTEM.FD
PR/PX100.DBL,DFDATA.FD
PR/PX100.DBL,PA20.FDC
PR/PX100.DBL,PB05.FDC
PR/PX100.DBL,PK30.FDC
PR/PX100.DBL,SYSTEM.FD
PR/PX103.DBL,PA20.FDC
PR/PX103.DBL,PB05.FDC
PR/PX103.DBL,PK30.FDC
PR/PX104.DBL,PA20.FDC
PR/PX104.DBL,PB05.FDC
PR/PX104.DBL,PK30.FDC
PR/PX105.DBL,PA20.FDC
PR/PX105.DBL,PB05.FDC
PR/PX105.DBL,PK30.FDC
PR/PX106.DBL,PA20.FDC
PR/PX106.DBL,PB05.FDC
PR/PX106.DBL,PK30.FDC
PR/PX107.DBL,PA20.FDC
PR/PX107.DBL,PB05.FDC
PR/PX107.DBL,PK30.FDC
PR/PX108.DBL,PA20.FDC
PR/PX108.DBL,PB05.FDC
PR/PX109.DBL,PB05.FDC
PR/PX10A.DBL,PA20.FDC
PR/PX10B.DBL,PA20.FDC
PR/PX10B.DBL,PB05.FDC
PR/PX10B.DBL,PK30.FDC
PR/TIME.DBL,DFDATA.FD
PR/TIME.DBL,SYSTEM.FD
PR/W2HD.DBL,SYSTEM.FD
PR/W2NAM.DBL,DFDATA.FD
PR/W2NAM.DBL,PA20.FDC
PR/W2NAM.DBL,PB05.FDC
PR/W2NAM.DBL,SYSTEM.FD
PR/pe156.dbl,PA20.FDC
PR/pe156.dbl,PB05.FDC
PR/pe156.dbl,PD05.FDC
PR/pe156.dbl,SYSTEM.FD
SC/SEC00.DBL,DFDATA.FD
SC/SEC00.DBL,SYSTEM.FD
SC/SEC10.DBL,SECUR.FD
SC/SEC10.DBL,SYSTEM.FD
SC/SEC20.DBL,SECUR.FD
SC/SEC20.DBL,SYSTEM.FD
SC/SEC30.DBL,SECUR.FD
SC/SEC30.DBL,SYSTEM.FD
SC/SEC40.DBL,SYSTEM.FD
SC/SEC50.DBL,SECUR.FD
SC/SEC50.DBL,SYSTEM.FD
SC/SEC60.DBL,SECUR.FD
SC/SEC60.DBL,SYSTEM.FD
SC/SEC70.DBL,SYSTEM.FD
SC/SEC80.DBL,SECUR.FD
SC/SEC80.DBL,SYSTEM.FD
SC/SEC90.DBL,SYSTEM.FD
SC/SECA0.DBL,SYSTEM.FD
SC/SECB0.DBL,SYSTEM.FD
SC/SECC0.DBL,SYSTEM.FD
SC/SECMNT.DBL,DFDATA.FD
SC/SECMNT.DBL,SECUR.FD
SC/SECMNT.DBL,SYSTEM.FD
SC/SECRM.DBL,SECUR.FD
SC/SECRM.DBL,SYSTEM.FD
SY/BACKUP.DBL,COFILE.FD
SY/BACKUP.DBL,SYSTEM.FD
SY/CFMANT.DBL,DFDATA.FD
SY/CFMANT.DBL,SYSTEM.FD
SY/CLRDEV.DBL,DFDATA.FD
SY/CLRDEV.DBL,SYSTEM.FD
SY/CLRDV.DBL,DFDATA.FD
SY/CLRDV.DBL,SYSTEM.FD
SY/DSKBAK.DBL,COFILE.FD
SY/DSKBAK.DBL,SYSTEM.FD
SY/DSKRES.DBL,COFILE.FD
SY/DSKRES.DBL,SYSTEM.FD
SY/FLPBAK.DBL,COFILE.FD
SY/FLPBAK.DBL,SYSTEM.FD
SY/FLPRES.DBL,COFILE.FD
SY/FLPRES.DBL,SYSTEM.FD
SY/FP.DBL,SYSTEM.FD
SY/IDCTRL.DBL,SYSTEM.FD
SY/INMENU.DBL,SYSTEM.FD
SY/LSTFIL.DBL,SYSTEM.FD
SY/PRTCOF.DBL,COFILE.FD
SY/PRTCOF.DBL,DFDATA.FD
SY/PRTCOF.DBL,SYSTEM.FD
SY/PRTMNU.DBL,DFDATA.FD
SY/PRTMNU.DBL,SYSTEM.FD
SY/RESTOR.DBL,COFILE.FD
SY/RESTOR.DBL,SYSTEM.FD
SY/RFS.DBL,SYSTEM.FD
SY/RFSM.DBL,SYSTEM.FD
SY/RFSM6.DBL,SYSTEM.FD
SY/RSFDAT.DBL,DEVICE.FD
SY/RSFDAT.DBL,SYSTEM.FD
SY/RSFKEY.DBL,SYSTEM.FD
SY/RSFMNU.DBL,DEVICE.FD
SY/RSFMNU.DBL,DFDATA.FD
SY/RSFMNU.DBL,SYSTEM.FD
SY/RSFPAG.DBL,SYSTEM.FD
SY/RSFPG2.DBL,SYSTEM.FD
SY/RUNPRG.DBL,COFILE.FD
SY/RUNPRG.DBL,SYSTEM.FD
SY/SFPDEL.DBL,SYSTEM.FD
SY/SFPFRM.DBL,SYSTEM.FD
SY/SFPLST.DBL,DEVICE.FD
SY/SFPLST.DBL,SYSTEM.FD
SY/SFPMNU.DBL,DFDATA.FD
SY/SFPMNU.DBL,SYSTEM.FD
SY/SFPPRT.DBL,SYSTEM.FD
SY/TAPBAK.DBL,COFILE.FD
SY/TAPBAK.DBL,SYSTEM.FD
SY/TAPRES.DBL,COFILE.FD
SY/TAPRES.DBL,SYSTEM.FD
XC/ABORT.DBL,SYSTEM.FD
XC/ABRTP.DBL,DFDATA.FD
XC/ABRTP.DBL,SYSTEM.FD
XC/BEGTT.DBL,SYSTEM.FD
XC/CDIR.DBL,SYSTEM.FD
XC/CLOSE.DBL,SYSTEM.FD
XC/CLOSP.DBL,DFDATA.FD
XC/CLOSP.DBL,SYSTEM.FD
XC/DEVFX.DBL,SYSTEM.FD
XC/DFSER.DBL,DFDATA.FD
XC/DFSER.DBL,SYSTEM.FD
XC/DLET.DBL,SYSTEM.FD
XC/FILE1.DBL,DEVICE.FD
XC/FILE1.DBL,SYSTEM.FD
XC/FILE2.DBL,DEVICE.FD
XC/FILE2.DBL,SYSTEM.FD
XC/FILE3.DBL,DEVICE.FD
XC/FILE3.DBL,SYSTEM.FD
XC/FILE4.DBL,DEVICE.FD
XC/FILE4.DBL,SYSTEM.FD
XC/FILE5.DBL,DEVICE.FD
XC/FILE5.DBL,SYSTEM.FD
XC/FILE6.DBL,DEVICE.FD
XC/FILE6.DBL,SYSTEM.FD
XC/FILE7.DBL,DEVICE.FD
XC/FILE7.DBL,SYSTEM.FD
XC/FILE8.DBL,DEVICE.FD
XC/FILE8.DBL,SYSTEM.FD
XC/FILE9.DBL,DEVICE.FD
XC/FILE9.DBL,SYSTEM.FD
XC/FORMS.DBL,SYSTEM.FD
XC/GETDF.DBL,DFDATA.FD
XC/GETDF.DBL,SYSTEM.FD
XC/LINUP.DBL,SYSTEM.FD
XC/OPEN.DBL,SYSTEM.FD
XC/OPENP.DBL,DFDATA.FD
XC/OPENP.DBL,SYSTEM.FD
XC/PROT.DBL,DFDATA.FD
XC/PROT.DBL,SYSTEM.FD
XC/PRPHD.DBL,DFDATA.FD
XC/PRPHD.DBL,PA20.FD
XC/PRPHD.DBL,SYSTEM.FD
XC/PUTDF.DBL,DFDATA.FD
XC/PUTDF.DBL,SYSTEM.FD
XC/READ.DBL,SYSTEM.FD
XC/READS.DBL,SYSTEM.FD
XC/SECUR.DBL,SECUR.FD
XC/SECUR.DBL,SYSTEM.FD
XC/SPOOL.DBL,SYSTEM.FD
XC/STORE.DBL,SYSTEM.FD
XC/UPROT.DBL,DFDATA.FD
XC/UPROT.DBL,SYSTEM.FD
XC/WRITE.DBL,SYSTEM.FD
XC/WRITS.DBL,SYSTEM.FD
